timestamp,end_to_end_latency_ms,inference_latency_ms,end_to_end_fps,inference_fps
2026-05-26 12:01:47.026,125.396,111.898,7.238,7.237
2026-05-26 12:01:47.170,133.567,120.316,7.284,7.28
2026-05-26 12:01:47.294,103.109,88.198,7.348,7.358
2026-05-26 12:01:47.463,158.427,141.568,7.267,7.264
2026-05-26 12:01:47.604,128.562,113.498,7.301,7.302
2026-05-26 12:01:47.768,152.286,136.161,7.213,7.216
2026-05-26 12:01:47.895,116.34,103.551,7.175,7.179
2026-05-26 12:01:48.027,119.73,102.817,7.148,7.148
2026-05-26 12:01:48.202,162.699,149.171,7.043,7.043
2026-05-26 12:01:48.324,110.874,98.271,7.08,7.073
2026-05-26 12:01:48.480,144.447,130.655,7.027,7.029
2026-05-26 12:01:48.611,119.225,107.759,7.022,7.025
2026-05-26 12:01:48.746,120.636,105.806,7.003,7.011
2026-05-26 12:01:48.856,98.612,85.013,7.02,7.02
2026-05-26 12:01:49.044,175.454,162.489,6.9,6.904
2026-05-26 12:01:49.188,129.403,115.186,6.858,6.867
2026-05-26 12:01:49.326,125.21,112.706,6.876,6.875
2026-05-26 12:01:49.480,143.183,129.129,6.839,6.836
2026-05-26 12:01:49.607,116.169,103.965,6.853,6.854
2026-05-26 12:01:49.751,132.117,116.7,6.812,6.816
2026-05-26 12:01:49.872,110.743,98.385,6.82,6.823
2026-05-26 12:01:50.032,149.97,137.474,6.793,6.788
2026-05-26 12:01:50.159,115.831,103.101,6.802,6.802
2026-05-26 12:01:50.295,123.262,107.846,6.804,6.806
2026-05-26 12:01:50.428,117.408,104.599,6.834,6.842
2026-05-26 12:01:50.618,178.272,164.585,6.74,6.741
2026-05-26 12:01:50.744,112.12,99.844,6.739,6.741
2026-05-26 12:01:50.876,117.814,104.761,6.921,6.905
2026-05-26 12:01:51.008,119.999,107.27,7.041,7.044
2026-05-26 12:01:51.143,122.033,107.479,7.044,7.045
2026-05-26 12:01:51.304,149.981,133.673,7.014,7.018
2026-05-26 12:01:51.425,109.456,95.451,7.02,7.003
2026-05-26 12:01:51.579,143.205,127.845,7.046,7.047
2026-05-26 12:01:51.721,128.613,115.86,7.043,7.046
2026-05-26 12:01:51.835,101.113,87.565,7.131,7.132
2026-05-26 12:01:51.975,127.874,115.107,7.109,7.109
2026-05-26 12:01:52.158,174.4,161.211,7.02,7.015
2026-05-26 12:01:52.286,116.144,102.994,7.1,7.099
2026-05-26 12:01:52.406,109.041,91.787,7.104,7.104
2026-05-26 12:01:52.621,203.511,190.088,7.003,7.002
2026-05-26 12:01:52.751,115.214,103.172,7.006,7.011
2026-05-26 12:01:52.879,116.91,102.141,7.017,7.014
2026-05-26 12:01:53.016,124.538,110.306,6.972,6.973
2026-05-26 12:01:53.142,115.107,102.321,7.077,7.075
2026-05-26 12:01:53.276,122.827,106.162,7.094,7.086
2026-05-26 12:01:53.402,114.531,101.346,7.115,7.112
2026-05-26 12:01:53.553,138.995,123.198,7.121,7.124
2026-05-26 12:01:53.737,173.022,159.295,7.022,7.023
2026-05-26 12:01:53.843,94.708,83.132,7.086,7.083
2026-05-26 12:01:53.976,120.542,107.556,7.067,7.069
2026-05-26 12:01:54.125,135.899,122.136,7.085,7.093
2026-05-26 12:01:54.238,100.966,87.834,7.109,7.11
2026-05-26 12:01:54.383,133.065,118.018,7.095,7.095
2026-05-26 12:01:54.521,125.755,113.672,7.087,7.079
2026-05-26 12:01:54.692,160.591,145.073,7.118,7.118
2026-05-26 12:01:54.805,102.508,88.588,7.141,7.137
2026-05-26 12:01:54.930,112.857,99.715,7.154,7.15
2026-05-26 12:01:55.077,135.01,118.861,7.128,7.131
2026-05-26 12:01:55.270,182.005,168.454,7.028,7.027
2026-05-26 12:01:55.396,114.264,102.022,7.088,7.087
2026-05-26 12:01:55.564,155.385,141.314,7.007,7.01
2026-05-26 12:01:55.692,116.499,104.113,7.052,7.052
2026-05-26 12:01:55.808,105.127,89.733,7.097,7.091
2026-05-26 12:01:55.932,113.321,100.015,7.078,7.076
2026-05-26 12:01:56.304,359.001,344.879,6.699,6.699
2026-05-26 12:01:56.460,144.263,129.627,6.742,6.748
2026-05-26 12:01:56.593,121.162,106.658,6.733,6.735
2026-05-26 12:01:56.775,171.248,157.052,6.638,6.635
2026-05-26 12:01:56.895,107.841,95.023,6.786,6.786
2026-05-26 12:01:57.035,127.347,114.031,6.768,6.767
2026-05-26 12:01:57.175,125.186,111.441,6.751,6.755
2026-05-26 12:01:57.449,251.401,232.732,6.541,6.564
2026-05-26 12:01:57.878,416.996,398.554,6.123,6.124
2026-05-26 12:01:58.170,280.438,266.166,5.926,5.926
2026-05-26 12:01:58.385,203.608,190.694,5.82,5.82
2026-05-26 12:01:58.523,124.558,112.207,5.835,5.836
2026-05-26 12:01:58.685,150.494,135.547,5.862,5.861
2026-05-26 12:01:58.796,100.798,88.053,5.855,5.855
2026-05-26 12:01:58.921,113.755,100.633,5.865,5.863
2026-05-26 12:01:59.086,154.139,140.485,5.846,5.843
2026-05-26 12:01:59.201,103.682,90.916,5.843,5.843
2026-05-26 12:01:59.336,121.77,109.276,5.855,5.855
2026-05-26 12:01:59.452,103.039,89.787,5.88,5.882
2026-05-26 12:01:59.606,143.088,130.179,5.901,5.902
2026-05-26 12:01:59.769,151.997,138.609,5.842,5.841
2026-05-26 12:01:59.934,153.225,141.419,5.796,5.794
2026-05-26 12:02:00.073,125.044,113.36,5.804,5.804
2026-05-26 12:02:00.225,136.767,121.208,5.852,5.857
2026-05-26 12:02:00.349,111.783,99.506,5.855,5.855
2026-05-26 12:02:00.490,130.674,114.656,5.887,5.886
2026-05-26 12:02:00.607,104.827,91.358,5.9,5.902
2026-05-26 12:02:00.743,125.046,110.982,5.876,5.877
2026-05-26 12:02:00.877,123.031,111.196,5.864,5.865
2026-05-26 12:02:01.010,119.203,104.716,6.162,6.162
2026-05-26 12:02:01.163,139.331,121.005,6.166,6.171
2026-05-26 12:02:01.281,106.164,93.896,6.186,6.185
2026-05-26 12:02:01.480,189.17,176.88,6.163,6.163
2026-05-26 12:02:01.598,106.773,94.217,6.166,6.165
2026-05-26 12:02:01.768,157.64,144.984,6.128,6.126
2026-05-26 12:02:01.884,104.386,92.109,6.158,6.153
2026-05-26 12:02:02.011,110.614,95.166,6.356,6.342
2026-05-26 12:02:02.143,120.42,106.545,6.799,6.797
2026-05-26 12:02:02.291,136.277,119.584,7.038,7.038
2026-05-26 12:02:02.420,118.374,105.433,7.186,7.186
2026-05-26 12:02:02.605,173.178,156.405,7.105,7.102
2026-05-26 12:02:02.732,115.084,102.888,7.166,7.167
2026-05-26 12:02:02.864,121.1,105.473,7.13,7.13
2026-05-26 12:02:03.060,182.911,169.858,7.007,7.011
2026-05-26 12:02:03.186,113.4,99.703,7.074,7.076
2026-05-26 12:02:03.321,122.205,106.961,7.039,7.042
2026-05-26 12:02:03.450,117.352,104.294,7.049,7.048
2026-05-26 12:02:03.639,178.589,163.212,6.926,6.924
2026-05-26 12:02:03.759,108.63,96.271,6.984,6.982
2026-05-26 12:02:03.882,112.576,99.84,7.051,7.051
2026-05-26 12:02:04.002,110.668,95.355,7.127,7.127
2026-05-26 12:02:04.160,144.284,130.379,7.097,7.095
2026-05-26 12:02:04.296,122.29,110.408,7.124,7.12
2026-05-26 12:02:04.453,144.141,128.434,7.066,7.068
2026-05-26 12:02:04.639,174.476,158.886,6.99,6.991
2026-05-26 12:02:04.766,116.292,103.713,6.972,6.97
2026-05-26 12:02:04.897,119.128,105.189,6.98,6.982
2026-05-26 12:02:05.060,151.283,137.073,6.934,6.932
2026-05-26 12:02:05.207,133.189,119.565,6.91,6.913
2026-05-26 12:02:05.335,115.858,103.576,6.952,6.944
2026-05-26 12:02:05.462,115.967,101.477,6.935,6.935
2026-05-26 12:02:05.599,123.973,109.385,7.041,7.045
2026-05-26 12:02:05.726,112.559,100.132,7.025,7.031
2026-05-26 12:02:05.854,115.601,100.84,7.098,7.097
2026-05-26 12:02:05.969,104.09,88.809,7.099,7.099
2026-05-26 12:02:06.172,191.641,178.0,6.97,6.961
2026-05-26 12:02:06.287,102.153,89.098,6.998,7.002
2026-05-26 12:02:06.425,126.319,114.035,7.015,7.015
2026-05-26 12:02:06.563,124.782,111.739,7.0,7.004
2026-05-26 12:02:06.697,117.991,105.038,7.086,7.093
2026-05-26 12:02:06.820,111.792,98.457,7.093,7.092
2026-05-26 12:02:06.946,115.104,103.263,7.103,7.104
2026-05-26 12:02:07.108,152.089,136.952,7.163,7.156
2026-05-26 12:02:07.250,128.367,113.636,7.136,7.139
2026-05-26 12:02:07.394,129.517,117.348,7.121,7.124
2026-05-26 12:02:07.573,167.647,155.286,7.033,7.034
2026-05-26 12:02:07.712,123.002,108.196,7.12,7.129
2026-05-26 12:02:07.823,97.323,85.692,7.135,7.141
2026-05-26 12:02:07.960,124.795,112.531,7.111,7.114
2026-05-26 12:02:08.104,130.509,116.752,7.07,7.078
2026-05-26 12:02:08.223,108.039,94.399,7.137,7.133
2026-05-26 12:02:08.356,121.051,106.585,7.143,7.142
2026-05-26 12:02:08.474,106.808,93.025,7.212,7.211
2026-05-26 12:02:08.637,151.122,136.226,7.253,7.253
2026-05-26 12:02:08.761,112.699,100.332,7.259,7.259
2026-05-26 12:02:08.888,116.523,104.557,7.267,7.265
2026-05-26 12:02:09.021,120.935,103.459,7.321,7.325
2026-05-26 12:02:09.222,190.038,173.464,7.222,7.217
2026-05-26 12:02:09.360,125.908,113.746,7.206,7.204
2026-05-26 12:02:09.507,131.872,116.771,7.17,7.178
2026-05-26 12:02:09.630,112.607,99.578,7.195,7.19
2026-05-26 12:02:09.964,323.179,307.753,6.843,6.837
2026-05-26 12:02:10.142,166.798,152.809,6.762,6.765
2026-05-26 12:02:10.265,111.312,97.927,6.751,6.752
2026-05-26 12:02:10.400,118.949,105.153,6.859,6.867
2026-05-26 12:02:10.525,113.842,102.461,6.844,6.84
2026-05-26 12:02:10.649,114.473,99.812,6.865,6.862
2026-05-26 12:02:10.814,153.319,137.666,6.822,6.819
2026-05-26 12:02:10.950,123.5,111.867,6.819,6.813
2026-05-26 12:02:11.069,106.399,92.725,6.825,6.828
2026-05-26 12:02:11.188,107.581,94.195,6.836,6.838
2026-05-26 12:02:11.336,138.047,124.389,6.859,6.859
2026-05-26 12:02:11.460,111.611,99.137,6.888,6.883
2026-05-26 12:02:11.593,120.451,104.517,6.906,6.903
2026-05-26 12:02:11.736,131.02,117.032,6.966,6.968
2026-05-26 12:02:11.858,106.768,93.168,6.996,6.991
2026-05-26 12:02:11.986,116.625,103.709,6.967,6.962
2026-05-26 12:02:12.150,152.175,139.796,6.922,6.921
2026-05-26 12:02:12.326,164.521,152.154,6.869,6.864
2026-05-26 12:02:12.447,110.352,97.774,6.865,6.865
2026-05-26 12:02:12.600,141.323,127.798,6.832,6.83
2026-05-26 12:02:12.743,130.483,118.303,6.794,6.793
2026-05-26 12:02:12.867,113.247,97.053,6.856,6.854
2026-05-26 12:02:13.001,121.149,105.308,6.839,6.842
2026-05-26 12:02:13.125,111.796,98.631,6.845,6.846
2026-05-26 12:02:13.290,153.146,136.794,6.794,6.794
2026-05-26 12:02:13.411,108.529,96.055,6.923,6.925
2026-05-26 12:02:13.558,136.61,122.851,6.907,6.905
2026-05-26 12:02:13.694,123.377,110.249,6.925,6.921
2026-05-26 12:02:13.857,151.207,137.533,6.862,6.863
2026-05-26 12:02:14.018,150.355,137.117,7.153,7.154
2026-05-26 12:02:14.184,153.896,141.163,7.175,7.172
2026-05-26 12:02:14.310,114.087,101.015,7.17,7.17
2026-05-26 12:02:14.439,119.289,104.142,7.179,7.169
2026-05-26 12:02:14.575,124.526,109.818,7.16,7.16
2026-05-26 12:02:14.706,118.899,104.87,7.148,7.153
2026-05-26 12:02:14.830,111.283,97.316,7.221,7.222
2026-05-26 12:02:14.975,133.827,119.532,7.205,7.205
2026-05-26 12:02:15.100,112.852,98.286,7.195,7.192
2026-05-26 12:02:15.234,121.435,107.304,7.169,7.17
2026-05-26 12:02:15.416,170.411,155.623,7.109,7.112
2026-05-26 12:02:15.539,112.079,99.756,7.108,7.109
2026-05-26 12:02:15.702,151.332,136.676,7.056,7.055
2026-05-26 12:02:15.823,106.408,93.683,7.097,7.098
2026-05-26 12:02:15.966,131.988,117.762,7.059,7.057
2026-05-26 12:02:16.086,108.291,96.816,7.073,7.073
2026-05-26 12:02:16.280,183.029,169.702,7.022,7.02
2026-05-26 12:02:16.424,132.975,120.492,7.076,7.077
2026-05-26 12:02:16.551,113.476,100.095,7.066,7.071
2026-05-26 12:02:16.692,128.45,110.239,7.087,7.09
2026-05-26 12:02:16.818,113.576,101.371,7.117,7.116
2026-05-26 12:02:17.016,187.208,172.093,6.99,6.99
2026-05-26 12:02:17.174,146.392,132.857,6.95,6.951
2026-05-26 12:02:17.299,113.825,101.137,6.947,6.946
2026-05-26 12:02:17.426,115.448,99.821,7.011,7.01
2026-05-26 12:02:17.589,152.376,139.438,6.941,6.939
2026-05-26 12:02:17.721,118.865,105.913,6.966,6.972
2026-05-26 12:02:17.848,117.175,102.371,6.981,6.976
2026-05-26 12:02:17.983,123.467,108.396,7.027,7.028
2026-05-26 12:02:18.170,173.786,160.577,6.985,6.987
2026-05-26 12:02:18.309,124.542,109.759,7.031,7.038
2026-05-26 12:02:18.452,129.498,114.686,7.001,7.004
2026-05-26 12:02:18.610,146.626,128.569,6.953,6.955
2026-05-26 12:02:18.736,115.038,103.213,6.969,6.969
2026-05-26 12:02:18.855,107.279,91.868,6.991,6.988
2026-05-26 12:02:19.012,146.541,134.051,6.934,6.932
2026-05-26 12:02:19.139,116.149,102.156,6.965,6.965
2026-05-26 12:02:19.265,115.147,98.721,6.962,6.961
2026-05-26 12:02:19.467,190.262,175.186,6.85,6.848
2026-05-26 12:02:19.605,125.011,111.908,6.923,6.927
2026-05-26 12:02:19.735,117.478,103.718,6.912,6.913
2026-05-26 12:02:19.861,113.593,99.689,6.974,6.973
2026-05-26 12:02:20.030,158.482,145.029,6.892,6.887
2026-05-26 12:02:20.154,112.888,97.89,6.924,6.92
2026-05-26 12:02:20.289,121.443,107.181,6.9,6.903
2026-05-26 12:02:20.407,106.787,93.452,7.027,7.028
2026-05-26 12:02:20.576,158.588,144.851,6.984,6.983
2026-05-26 12:02:20.691,104.719,92.525,7.005,6.999
2026-05-26 12:02:20.808,106.525,93.157,7.046,7.04
2026-05-26 12:02:20.947,125.509,111.754,7.023,7.026
2026-05-26 12:02:21.101,143.633,131.933,7.098,7.099
2026-05-26 12:02:21.214,100.776,88.202,7.178,7.175
2026-05-26 12:02:21.355,129.053,115.841,7.15,7.153
2026-05-26 12:02:21.477,110.142,97.37,7.158,7.157
2026-05-26 12:02:21.653,162.246,149.428,7.137,7.139
2026-05-26 12:02:21.768,103.289,91.315,7.167,7.163
2026-05-26 12:02:21.892,113.197,100.578,7.172,7.174
2026-05-26 12:02:22.059,156.1,141.385,7.115,7.114
2026-05-26 12:02:22.205,132.629,118.904,7.187,7.191
2026-05-26 12:02:22.366,150.029,136.837,7.148,7.139
2026-05-26 12:02:22.539,161.764,149.138,7.095,7.093
2026-05-26 12:02:22.679,125.523,112.577,7.127,7.133
2026-05-26 12:02:22.792,101.822,90.109,7.15,7.151
2026-05-26 12:02:23.190,386.246,372.441,6.688,6.691
2026-05-26 12:02:23.365,163.19,149.536,6.663,6.663
2026-05-26 12:02:23.515,135.308,121.95,6.628,6.632
2026-05-26 12:02:23.655,127.601,112.718,6.606,6.61
2026-05-26 12:02:23.780,112.618,98.046,6.724,6.725
2026-05-26 12:02:23.956,161.941,147.792,6.665,6.665
2026-05-26 12:02:24.097,127.008,113.507,6.649,6.651
2026-05-26 12:02:24.263,154.402,140.962,6.588,6.587
2026-05-26 12:02:24.385,111.598,99.304,6.659,6.658
2026-05-26 12:02:24.523,126.362,111.983,6.638,6.639
2026-05-26 12:02:24.639,104.52,91.306,6.667,6.665
2026-05-26 12:02:24.819,169.605,156.584,6.572,6.572
2026-05-26 12:02:24.928,96.951,83.783,6.663,6.665
2026-05-26 12:02:25.106,164.317,152.063,6.568,6.574
2026-05-26 12:02:25.244,123.244,111.305,6.537,6.544
2026-05-26 12:02:25.386,127.576,114.622,6.533,6.536
2026-05-26 12:02:25.505,107.871,95.476,6.586,6.586
2026-05-26 12:02:25.628,111.14,97.698,6.57,6.57
2026-05-26 12:02:25.758,118.259,104.195,6.586,6.585
2026-05-26 12:02:25.884,114.945,101.724,6.58,6.578
2026-05-26 12:02:26.040,141.174,124.272,6.611,6.613
2026-05-26 12:02:26.178,125.613,112.57,6.575,6.577
2026-05-26 12:02:26.361,173.158,160.691,6.49,6.487
2026-05-26 12:02:26.486,112.054,100.047,6.551,6.553
2026-05-26 12:02:26.641,142.613,126.163,6.538,6.534
2026-05-26 12:02:26.768,115.623,102.657,6.588,6.589
2026-05-26 12:02:26.897,117.581,102.222,6.654,6.654
2026-05-26 12:02:27.022,113.95,98.062,6.678,6.675
2026-05-26 12:02:27.185,151.74,137.65,6.602,6.602
2026-05-26 12:02:27.304,110.119,96.254,7.049,7.045
2026-05-26 12:02:27.427,109.74,96.037,7.139,7.142
2026-05-26 12:02:27.635,193.266,181.07,7.039,7.036
2026-05-26 12:02:27.768,120.155,106.819,7.051,7.051
2026-05-26 12:02:27.912,127.948,110.052,7.018,7.025
2026-05-26 12:02:28.089,167.272,155.323,7.017,7.01
2026-05-26 12:02:28.255,155.026,139.657,6.973,6.972
2026-05-26 12:02:28.403,132.1,118.147,7.004,7.013
2026-05-26 12:02:28.518,103.055,90.638,7.018,7.019
2026-05-26 12:02:28.685,154.952,141.82,6.969,6.968
2026-05-26 12:02:28.808,109.057,96.369,6.956,6.96
2026-05-26 12:02:28.952,131.507,118.309,7.017,7.021
2026-05-26 12:02:29.093,129.162,115.828,6.963,6.963
2026-05-26 12:02:29.218,112.741,97.768,7.054,7.051
2026-05-26 12:02:29.374,145.26,128.832,7.022,7.019
2026-05-26 12:02:29.551,163.519,150.257,6.963,6.96
2026-05-26 12:02:29.676,112.082,100.048,6.953,6.956
2026-05-26 12:02:29.796,108.682,95.565,6.957,6.957
2026-05-26 12:02:29.955,147.629,133.57,6.91,6.909
2026-05-26 12:02:30.118,151.088,138.857,6.851,6.851
2026-05-26 12:02:30.238,109.363,95.459,6.908,6.901
2026-05-26 12:02:30.369,119.026,105.105,6.92,6.918
2026-05-26 12:02:30.494,115.059,99.566,7.017,7.017
2026-05-26 12:02:30.622,117.138,100.151,7.013,7.01
2026-05-26 12:02:30.784,150.365,133.27,6.999,6.999
2026-05-26 12:02:30.897,99.499,87.496,7.023,7.027
2026-05-26 12:02:31.056,148.053,133.821,6.973,6.973
2026-05-26 12:02:31.173,106.133,93.01,6.985,6.983
2026-05-26 12:02:31.320,135.337,121.912,7.013,7.014
2026-05-26 12:02:31.460,125.071,112.285,6.978,6.987
2026-05-26 12:02:31.576,104.863,92.172,6.989,6.986
2026-05-26 12:02:31.721,132.666,118.892,7.098,7.094
2026-05-26 12:02:31.831,99.186,87.073,7.139,7.134
2026-05-26 12:02:31.955,112.702,100.449,7.172,7.166
2026-05-26 12:02:32.078,112.257,96.421,7.269,7.271
2026-05-26 12:02:32.224,135.088,120.665,7.307,7.305
2026-05-26 12:02:32.337,101.703,87.826,7.371,7.363
2026-05-26 12:02:32.544,195.585,182.545,7.203,7.202
2026-05-26 12:02:32.686,128.588,114.722,7.247,7.253
2026-05-26 12:02:32.832,133.074,118.172,7.207,7.208
2026-05-26 12:02:33.010,166.361,154.162,7.148,7.145
2026-05-26 12:02:33.140,118.402,106.32,7.166,7.166
2026-05-26 12:02:33.270,120.308,103.06,7.156,7.154
2026-05-26 12:02:33.398,115.861,99.928,7.207,7.205
2026-05-26 12:02:33.522,113.563,97.212,7.302,7.297
2026-05-26 12:02:33.975,441.208,423.492,6.745,6.742
2026-05-26 12:02:34.207,220.923,208.55,6.575,6.575
2026-05-26 12:02:34.326,105.238,92.315,6.634,6.638
2026-05-26 12:02:34.491,153.395,140.83,6.631,6.632
2026-05-26 12:02:34.613,110.605,97.911,6.628,6.628
2026-05-26 12:02:34.750,124.785,111.364,6.619,6.62
2026-05-26 12:02:34.867,103.628,90.978,6.631,6.638
2026-05-26 12:02:35.026,147.868,136.367,6.584,6.584
2026-05-26 12:02:35.160,120.494,108.314,6.627,6.629
2026-05-26 12:02:35.304,131.957,115.746,6.58,6.58
2026-05-26 12:02:35.423,107.827,94.122,6.64,6.641
2026-05-26 12:02:35.574,137.046,122.019,6.589,6.596
2026-05-26 12:02:35.725,138.296,123.706,6.583,6.587
2026-05-26 12:02:35.838,101.707,88.875,6.624,6.618
2026-05-26 12:02:35.987,137.91,124.447,6.575,6.575
2026-05-26 12:02:36.129,128.413,115.33,6.578,6.58
2026-05-26 12:02:36.254,114.61,98.759,6.557,6.557
2026-05-26 12:02:36.421,157.011,141.815,6.495,6.493
2026-05-26 12:02:36.536,103.636,90.396,6.505,6.506
2026-05-26 12:02:36.674,124.585,110.591,6.517,6.52
2026-05-26 12:02:36.809,123.474,110.682,6.486,6.485
2026-05-26 12:02:36.985,164.615,151.077,6.53,6.531
2026-05-26 12:02:37.120,120.58,107.977,6.54,6.541
2026-05-26 12:02:37.311,179.017,163.402,6.475,6.47
2026-05-26 12:02:37.432,110.428,98.315,6.558,6.556
2026-05-26 12:02:37.628,184.622,170.723,6.462,6.461
2026-05-26 12:02:37.752,113.333,101.593,6.471,6.471
2026-05-26 12:02:37.903,141.648,125.948,6.437,6.435
2026-05-26 12:02:38.041,121.714,107.834,6.418,6.426
2026-05-26 12:02:38.175,121.975,108.764,6.905,6.906
2026-05-26 12:02:38.316,125.697,110.664,7.057,7.063
2026-05-26 12:02:38.457,127.466,114.275,7.021,7.02
2026-05-26 12:02:38.623,152.61,135.648,7.018,7.024
2026-05-26 12:02:38.807,169.812,156.085,6.916,6.92
2026-05-26 12:02:38.948,128.688,115.887,6.908,6.909
2026-05-26 12:02:39.082,122.235,108.238,6.88,6.877
2026-05-26 12:02:39.212,117.615,103.985,6.928,6.93
2026-05-26 12:02:39.348,123.863,109.626,6.926,6.923
2026-05-26 12:02:39.480,119.702,107.512,6.945,6.944
2026-05-26 12:02:39.600,108.597,93.977,6.943,6.942
2026-05-26 12:02:39.749,137.778,124.421,6.946,6.939
2026-05-26 12:02:39.886,123.828,111.525,6.969,6.968
2026-05-26 12:02:40.001,104.936,90.755,6.966,6.963
2026-05-26 12:02:40.179,166.801,153.136,6.917,6.917
2026-05-26 12:02:40.364,173.553,160.472,6.849,6.844
2026-05-26 12:02:40.504,125.706,113.807,6.823,6.829
2026-05-26 12:02:40.637,121.048,106.886,6.878,6.88
2026-05-26 12:02:40.763,115.869,99.517,6.86,6.859
2026-05-26 12:02:40.919,144.651,130.035,6.832,6.827
2026-05-26 12:02:41.060,126.511,114.11,6.821,6.826
2026-05-26 12:02:41.185,113.73,99.351,6.904,6.904
2026-05-26 12:02:41.345,149.356,134.235,6.863,6.857
2026-05-26 12:02:41.479,122.074,110.156,6.958,6.957
2026-05-26 12:02:41.599,109.714,94.067,6.96,6.959
2026-05-26 12:02:41.763,152.856,139.519,7.013,7.013
2026-05-26 12:02:41.936,161.461,148.998,6.932,6.933
2026-05-26 12:02:42.086,138.07,122.641,6.933,6.941
2026-05-26 12:02:42.239,140.411,125.79,6.908,6.905
2026-05-26 12:02:42.364,114.16,102.065,6.922,6.921
2026-05-26 12:02:42.577,201.661,185.972,6.806,6.801
2026-05-26 12:02:42.712,123.267,110.525,6.816,6.812
2026-05-26 12:02:42.836,112.937,98.109,6.884,6.877
2026-05-26 12:02:42.954,107.129,91.384,6.992,6.99
2026-05-26 12:02:43.094,127.499,114.162,6.995,6.994
2026-05-26 12:02:43.298,192.015,179.592,6.879,6.879
2026-05-26 12:02:43.484,173.757,161.911,6.788,6.788
2026-05-26 12:02:43.619,121.039,108.903,6.789,6.792
2026-05-26 12:02:43.738,107.486,91.09,6.811,6.811
2026-05-26 12:02:43.916,168.059,154.721,6.72,6.718
2026-05-26 12:02:44.042,114.304,101.731,6.755,6.756
2026-05-26 12:02:44.172,119.704,104.269,6.767,6.762
2026-05-26 12:02:44.326,142.047,126.676,6.706,6.708
2026-05-26 12:02:44.440,103.404,90.992,6.807,6.806
2026-05-26 12:02:44.571,120.674,107.072,6.893,6.892
2026-05-26 12:02:44.691,108.503,90.746,6.926,6.921
2026-05-26 12:02:44.833,128.477,114.044,6.911,6.913
2026-05-26 12:02:45.002,155.739,143.837,6.842,6.845
2026-05-26 12:02:45.177,163.28,149.871,6.811,6.812
2026-05-26 12:02:45.331,135.33,121.964,6.79,6.8
2026-05-26 12:02:45.706,363.725,341.075,6.415,6.413
2026-05-26 12:02:45.846,126.588,114.034,6.444,6.447
2026-05-26 12:02:45.996,138.379,123.519,6.42,6.422
2026-05-26 12:02:46.135,125.099,113.46,6.393,6.398
2026-05-26 12:02:46.309,161.559,144.55,6.379,6.381
2026-05-26 12:02:46.429,109.192,97.199,6.453,6.453
2026-05-26 12:02:46.620,178.684,164.332,6.397,6.394
2026-05-26 12:02:46.779,144.303,131.498,6.388,6.389
2026-05-26 12:02:46.902,112.113,99.851,6.391,6.391
2026-05-26 12:02:47.047,134.678,122.0,6.488,6.487
2026-05-26 12:02:47.210,150.389,137.634,6.447,6.45
2026-05-26 12:02:47.350,127.702,115.183,6.425,6.427
2026-05-26 12:02:47.469,107.43,93.144,6.423,6.423
2026-05-26 12:02:47.652,173.282,156.88,6.362,6.359
2026-05-26 12:02:47.784,117.805,105.557,6.465,6.467
2026-05-26 12:02:47.968,174.492,159.984,6.467,6.463
2026-05-26 12:02:48.157,177.308,164.232,6.39,6.387
2026-05-26 12:02:48.307,135.049,120.601,6.346,6.353
2026-05-26 12:02:48.734,416.401,403.561,6.019,6.019
2026-05-26 12:02:48.845,99.788,87.047,6.038,6.038
2026-05-26 12:02:49.036,175.64,163.515,5.962,5.968
2026-05-26 12:02:49.197,150.651,137.072,5.953,5.952
2026-05-26 12:02:49.340,130.614,116.36,5.918,5.923
2026-05-26 12:02:49.488,132.989,120.65,5.897,5.903
2026-05-26 12:02:49.675,174.314,160.141,5.819,5.82
2026-05-26 12:02:49.792,103.194,90.168,5.848,5.848
2026-05-26 12:02:49.920,115.525,104.122,5.897,5.896
2026-05-26 12:02:50.082,151.094,136.53,5.912,5.912
2026-05-26 12:02:50.201,106.545,93.344,5.955,5.945
2026-05-26 12:02:50.327,114.971,102.976,6.275,6.276
2026-05-26 12:02:50.470,127.782,113.212,6.272,6.274
2026-05-26 12:02:50.591,109.918,97.348,6.312,6.309
2026-05-26 12:02:50.713,110.312,96.487,6.334,6.332
2026-05-26 12:02:50.827,103.669,90.282,6.42,6.415
2026-05-26 12:02:50.950,111.907,99.165,6.414,6.415
2026-05-26 12:02:51.101,139.657,122.337,6.471,6.47
2026-05-26 12:02:51.275,160.868,147.247,6.451,6.446
2026-05-26 12:02:51.398,111.647,99.949,6.45,6.451
2026-05-26 12:02:51.543,133.839,119.309,6.45,6.452
2026-05-26 12:02:51.672,117.785,104.924,6.499,6.497
2026-05-26 12:02:51.790,106.481,91.002,6.532,6.53
2026-05-26 12:02:51.934,131.516,117.746,6.495,6.497
2026-05-26 12:02:52.063,117.458,105.388,6.575,6.576
2026-05-26 12:02:52.227,154.009,139.817,6.527,6.522
2026-05-26 12:02:52.358,118.999,106.399,6.606,6.61
2026-05-26 12:02:52.526,157.247,143.175,6.637,6.636
2026-05-26 12:02:52.640,104.218,90.812,6.692,6.682
2026-05-26 12:02:52.814,161.237,148.491,7.108,7.111
2026-05-26 12:02:52.934,107.784,96.291,7.093,7.093
2026-05-26 12:02:53.090,145.276,130.422,7.153,7.147
2026-05-26 12:02:53.225,123.656,110.145,7.199,7.201
2026-05-26 12:02:53.371,131.414,115.777,7.195,7.194
2026-05-26 12:02:53.504,121.425,108.401,7.221,7.217
2026-05-26 12:02:53.672,155.465,137.385,7.256,7.255
2026-05-26 12:02:53.794,111.087,97.255,7.247,7.242
2026-05-26 12:02:53.908,102.954,89.21,7.272,7.269
2026-05-26 12:02:54.037,116.739,102.751,7.334,7.336
2026-05-26 12:02:54.167,117.151,101.446,7.313,7.314
2026-05-26 12:02:54.388,209.396,193.997,7.143,7.143
2026-05-26 12:02:54.516,115.288,103.273,7.167,7.165
2026-05-26 12:02:54.645,117.613,102.841,7.152,7.155
2026-05-26 12:02:54.778,120.453,106.712,7.135,7.135
2026-05-26 12:02:54.897,109.558,96.604,7.124,7.124
2026-05-26 12:02:55.065,154.753,139.769,7.048,7.049
2026-05-26 12:02:55.199,122.022,108.595,7.077,7.078
2026-05-26 12:02:55.588,377.344,362.783,6.722,6.723
2026-05-26 12:02:55.737,135.83,120.781,6.684,6.686
2026-05-26 12:02:55.912,164.395,151.755,6.638,6.636
2026-05-26 12:02:56.028,104.952,93.458,6.657,6.657
2026-05-26 12:02:56.169,127.623,115.427,6.622,6.625
2026-05-26 12:02:56.293,112.921,99.614,6.654,6.65
2026-05-26 12:02:56.412,108.171,92.811,6.668,6.668
2026-05-26 12:02:56.567,142.934,130.667,6.682,6.684
2026-05-26 12:02:56.692,114.012,102.042,6.691,6.69
2026-05-26 12:02:56.814,110.925,96.933,6.763,6.764
2026-05-26 12:02:56.930,103.546,88.376,6.761,6.765
2026-05-26 12:02:57.077,133.957,120.112,6.803,6.807
2026-05-26 12:02:57.239,147.361,134.062,6.737,6.741
2026-05-26 12:02:57.422,174.205,160.798,6.694,6.692
2026-05-26 12:02:57.591,157.0,144.608,6.643,6.642
2026-05-26 12:02:57.718,116.172,103.657,6.672,6.667
2026-05-26 12:02:57.844,114.127,97.07,6.682,6.682
2026-05-26 12:02:57.958,102.443,88.272,6.766,6.763
2026-05-26 12:02:58.083,112.752,100.064,6.762,6.762
2026-05-26 12:02:58.257,163.136,147.861,6.668,6.668
2026-05-26 12:02:58.401,129.861,116.531,6.645,6.646
2026-05-26 12:02:58.591,179.238,162.473,6.555,6.552
2026-05-26 12:02:58.723,119.06,105.602,6.689,6.694
2026-05-26 12:02:58.836,101.415,86.876,6.713,6.71
2026-05-26 12:02:59.028,181.012,168.043,6.617,6.615
2026-05-26 12:02:59.144,104.586,92.304,6.641,6.641
2026-05-26 12:02:59.304,148.65,135.141,6.581,6.584
2026-05-26 12:02:59.427,110.947,97.621,6.648,6.648
2026-05-26 12:02:59.567,127.158,115.236,6.64,6.639
2026-05-26 12:02:59.712,132.917,118.913,7.033,7.035
2026-05-26 12:02:59.829,106.067,94.034,7.087,7.084
2026-05-26 12:02:59.958,117.561,105.405,7.167,7.168
2026-05-26 12:03:00.102,130.549,112.949,7.119,7.122
2026-05-26 12:03:00.225,110.977,98.317,7.149,7.148
2026-05-26 12:03:00.384,147.758,133.827,7.088,7.09
2026-05-26 12:03:00.567,170.348,157.044,6.98,6.984
2026-05-26 12:03:00.683,104.917,92.947,7.045,7.045
2026-05-26 12:03:00.814,119.419,104.512,7.035,7.037
2026-05-26 12:03:00.938,112.53,98.119,7.032,7.034
2026-05-26 12:03:01.099,151.136,137.005,6.955,6.951
2026-05-26 12:03:01.221,110.099,95.646,6.998,6.995
2026-05-26 12:03:01.359,124.083,111.071,7.037,7.036
2026-05-26 12:03:01.532,159.529,147.628,7.057,7.061
2026-05-26 12:03:01.664,121.153,109.336,7.12,7.12
2026-05-26 12:03:01.822,148.605,131.567,7.065,7.064
2026-05-26 12:03:01.990,155.935,141.405,6.995,6.996
2026-05-26 12:03:02.164,162.922,150.368,6.895,6.895
2026-05-26 12:03:02.326,150.185,137.06,6.834,6.835
2026-05-26 12:03:02.544,205.194,193.485,6.765,6.767
2026-05-26 12:03:02.687,129.183,116.882,6.766,6.767
2026-05-26 12:03:02.797,99.175,86.603,6.895,6.895
2026-05-26 12:03:02.936,127.141,114.495,6.884,6.88
2026-05-26 12:03:03.069,118.14,104.715,6.851,6.857
2026-05-26 12:03:03.193,112.313,97.376,6.962,6.965
2026-05-26 12:03:03.347,141.598,127.439,6.9,6.901
2026-05-26 12:03:03.488,128.427,116.48,6.931,6.932
2026-05-26 12:03:03.669,169.563,154.621,6.836,6.835
2026-05-26 12:03:03.792,112.202,98.987,6.863,6.862
2026-05-26 12:03:03.913,110.3,95.917,6.902,6.897
2026-05-26 12:03:04.316,390.546,376.674,6.462,6.465
2026-05-26 12:03:04.437,109.649,95.758,6.475,6.475
2026-05-26 12:03:04.576,127.146,113.997,6.482,6.48
2026-05-26 12:03:04.700,111.073,98.928,6.48,6.482
2026-05-26 12:03:04.839,127.351,114.948,6.51,6.509
2026-05-26 12:03:04.950,99.007,85.97,6.616,6.615
2026-05-26 12:03:05.102,141.158,127.544,6.563,6.563
2026-05-26 12:03:05.262,147.811,133.593,6.521,6.52
2026-05-26 12:03:05.389,116.353,104.579,6.516,6.514
2026-05-26 12:03:05.533,131.426,114.703,6.541,6.545
2026-05-26 12:03:05.658,115.657,103.331,6.535,6.531
2026-05-26 12:03:05.783,112.339,97.484,6.556,6.553
2026-05-26 12:03:05.904,109.871,95.229,6.632,6.632
2026-05-26 12:03:06.037,119.631,104.139,6.632,6.635
2026-05-26 12:03:06.195,147.42,135.0,6.632,6.634
2026-05-26 12:03:06.324,117.354,105.143,6.691,6.69
2026-05-26 12:03:06.464,128.307,112.583,6.744,6.746
2026-05-26 12:03:06.599,121.06,108.99,6.787,6.789
2026-05-26 12:03:06.859,209.096,191.587,6.72,6.785
2026-05-26 12:03:07.147,278.023,260.012,6.502,6.495
2026-05-26 12:03:07.262,104.1,89.926,6.495,6.496
2026-05-26 12:03:07.426,152.74,139.115,6.459,6.458
2026-05-26 12:03:07.631,193.664,181.928,6.356,6.351
2026-05-26 12:03:07.756,111.359,99.727,6.356,6.356
2026-05-26 12:03:07.876,107.907,95.095,6.403,6.403
2026-05-26 12:03:08.018,130.721,114.947,6.402,6.403
2026-05-26 12:03:08.162,131.364,118.409,6.455,6.457
2026-05-26 12:03:08.369,196.194,181.493,6.336,6.337
2026-05-26 12:03:08.511,128.521,115.73,6.307,6.312
2026-05-26 12:03:08.695,173.214,158.954,6.622,6.619
2026-05-26 12:03:08.810,103.933,91.856,6.631,6.631
2026-05-26 12:03:08.943,122.854,110.943,6.641,6.638
2026-05-26 12:03:09.089,133.944,115.926,6.607,6.61
2026-05-26 12:03:09.222,120.208,107.353,6.617,6.618
2026-05-26 12:03:09.354,120.361,104.452,6.585,6.584
2026-05-26 12:03:09.518,152.216,135.079,6.567,6.568
2026-05-26 12:03:09.645,111.431,97.554,6.616,6.622
2026-05-26 12:03:09.774,114.766,100.724,6.614,6.618
2026-05-26 12:03:09.908,121.67,108.041,6.628,6.628
2026-05-26 12:03:10.052,126.955,111.483,6.601,6.611
2026-05-26 12:03:10.195,128.74,115.315,6.573,6.577
2026-05-26 12:03:10.329,119.177,106.577,6.554,6.559
2026-05-26 12:03:10.458,117.685,103.162,6.559,6.556
2026-05-26 12:03:10.612,140.9,125.241,6.566,6.569
2026-05-26 12:03:10.730,107.593,95.373,6.583,6.58
2026-05-26 12:03:10.845,104.595,91.483,6.619,6.618
2026-05-26 12:03:10.971,113.983,101.109,6.634,6.631
2026-05-26 12:03:11.102,119.822,104.057,6.836,6.768
2026-05-26 12:03:11.239,125.12,109.511,7.088,7.092
2026-05-26 12:03:11.453,203.579,190.788,6.919,6.919
2026-05-26 12:03:11.570,106.706,93.984,6.998,6.997
2026-05-26 12:03:11.699,117.155,103.219,7.129,7.129
2026-05-26 12:03:11.821,110.779,95.507,7.134,7.13
2026-05-26 12:03:11.953,118.436,104.829,7.113,7.116
2026-05-26 12:03:12.079,114.016,99.372,7.14,7.14
2026-05-26 12:03:12.250,160.257,145.042,7.094,7.089
2026-05-26 12:03:12.378,116.04,101.903,7.235,7.234
2026-05-26 12:03:12.546,158.479,141.402,7.187,7.181
2026-05-26 12:03:12.700,140.957,127.842,7.241,7.246
2026-05-26 12:03:12.816,102.054,89.606,7.24,7.244
2026-05-26 12:03:12.982,154.291,142.747,7.18,7.183
2026-05-26 12:03:13.108,112.063,98.948,7.217,7.216
2026-05-26 12:03:13.286,166.769,153.925,7.136,7.135
2026-05-26 12:03:13.420,122.32,108.636,7.133,7.134
2026-05-26 12:03:13.618,187.165,170.922,7.073,7.072
2026-05-26 12:03:13.737,107.885,95.274,7.088,7.08
2026-05-26 12:03:13.849,102.971,89.702,7.116,7.108
2026-05-26 12:03:13.984,121.437,108.894,7.115,7.116
2026-05-26 12:03:14.110,114.662,101.435,7.145,7.135
2026-05-26 12:03:14.239,117.008,102.129,7.171,7.166
2026-05-26 12:03:14.372,121.549,106.667,7.173,7.167
2026-05-26 12:03:14.568,185.328,168.021,7.055,7.057
2026-05-26 12:03:14.694,114.443,100.477,7.104,7.101
2026-05-26 12:03:14.818,113.239,99.005,7.093,7.094
2026-05-26 12:03:14.952,121.243,106.668,7.062,7.064
2026-05-26 12:03:15.076,111.653,98.001,7.065,7.065
2026-05-26 12:03:15.227,138.21,121.679,7.03,7.036
2026-05-26 12:03:15.398,159.744,148.095,6.973,6.97
2026-05-26 12:03:15.522,113.08,99.923,7.127,7.128
2026-05-26 12:03:15.668,135.822,120.505,7.077,7.076
2026-05-26 12:03:15.809,127.514,114.16,7.056,7.06
2026-05-26 12:03:15.927,105.263,92.496,7.063,7.066
2026-05-26 12:03:16.143,206.265,193.561,6.921,6.915
2026-05-26 12:03:16.272,116.901,104.172,6.918,6.915
2026-05-26 12:03:16.394,110.45,94.572,6.998,7.001
2026-05-26 12:03:16.593,188.782,176.341,6.879,6.877
2026-05-26 12:03:16.710,104.73,92.39,6.965,6.968
2026-05-26 12:03:16.827,104.904,92.812,7.028,7.024
2026-05-26 12:03:17.193,356.597,344.482,6.626,6.62
2026-05-26 12:03:17.358,153.93,140.971,6.626,6.627
2026-05-26 12:03:17.571,199.276,187.206,6.498,6.497
2026-05-26 12:03:17.737,156.154,142.794,6.516,6.512
2026-05-26 12:03:17.853,105.348,91.562,6.541,6.54
2026-05-26 12:03:17.985,120.428,108.981,6.64,6.641
2026-05-26 12:03:18.129,128.92,114.437,6.603,6.607
2026-05-26 12:03:18.262,122.613,106.438,6.572,6.573
2026-05-26 12:03:18.400,124.113,108.075,6.567,6.569
2026-05-26 12:03:18.528,115.466,100.392,6.565,6.568
2026-05-26 12:03:18.686,146.189,130.941,6.522,6.522
2026-05-26 12:03:18.806,107.785,95.065,6.54,6.542
2026-05-26 12:03:18.921,103.506,91.453,6.662,6.662
2026-05-26 12:03:19.139,207.271,193.241,6.524,6.525
2026-05-26 12:03:19.320,169.041,154.874,6.442,6.443
2026-05-26 12:03:19.447,116.851,103.11,6.452,6.448
2026-05-26 12:03:19.582,122.908,107.371,6.435,6.436
2026-05-26 12:03:19.703,109.658,96.764,6.479,6.474
2026-05-26 12:03:19.840,125.349,112.373,6.528,6.529
2026-05-26 12:03:19.965,113.504,101.274,6.526,6.526
2026-05-26 12:03:20.134,155.729,140.921,6.494,6.498
2026-05-26 12:03:20.267,120.27,107.495,6.505,6.504
2026-05-26 12:03:20.384,106.863,91.762,6.507,6.503
2026-05-26 12:03:20.557,162.313,149.43,6.571,6.571
2026-05-26 12:03:20.759,191.161,178.356,6.463,6.461
2026-05-26 12:03:20.874,104.309,92.206,6.472,6.472
2026-05-26 12:03:21.023,136.588,121.133,6.547,6.554
2026-05-26 12:03:21.147,112.523,100.659,6.535,6.535
2026-05-26 12:03:21.291,132.221,113.542,6.496,6.501
2026-05-26 12:03:21.416,110.134,97.932,6.867,6.875
2026-05-26 12:03:21.553,125.56,110.952,6.913,6.915
2026-05-26 12:03:21.665,100.434,88.037,7.083,7.079
2026-05-26 12:03:21.800,121.503,107.182,7.137,7.144
2026-05-26 12:03:21.912,100.824,85.621,7.145,7.142
2026-05-26 12:03:22.046,121.57,108.782,7.143,7.143
2026-05-26 12:03:22.232,174.731,160.098,7.067,7.063
2026-05-26 12:03:22.377,131.348,118.419,7.047,7.055
2026-05-26 12:03:22.550,162.66,149.815,6.988,6.982
2026-05-26 12:03:22.687,121.266,108.773,6.973,6.976
2026-05-26 12:03:22.810,110.297,96.629,7.031,7.032
2026-05-26 12:03:22.936,114.545,102.627,7.021,7.019
2026-05-26 12:03:23.059,111.1,96.899,7.008,7.008
2026-05-26 12:03:23.187,116.702,100.963,7.165,7.165
2026-05-26 12:03:23.342,142.243,127.671,7.21,7.212
2026-05-26 12:03:23.473,119.277,107.512,7.203,7.206
2026-05-26 12:03:23.602,119.462,105.905,7.214,7.209
2026-05-26 12:03:23.746,133.085,114.265,7.173,7.174
2026-05-26 12:03:23.891,131.8,118.269,7.16,7.162
2026-05-26 12:03:24.023,119.373,104.357,7.148,7.151
2026-05-26 12:03:24.183,148.915,133.699,7.162,7.159
2026-05-26 12:03:24.296,102.607,89.661,7.198,7.194
2026-05-26 12:03:24.428,120.104,107.645,7.17,7.174
2026-05-26 12:03:24.573,132.061,118.826,7.221,7.227
2026-05-26 12:03:24.700,112.228,99.648,7.359,7.365
2026-05-26 12:03:24.818,104.326,89.172,7.353,7.358
2026-05-26 12:03:24.931,102.218,90.59,7.42,7.412
2026-05-26 12:03:25.069,123.059,109.783,7.395,7.4
2026-05-26 12:03:25.207,125.052,111.327,7.406,7.402
2026-05-26 12:03:25.395,178.484,164.949,7.289,7.279
2026-05-26 12:03:25.512,105.927,93.997,7.326,7.323
2026-05-26 12:03:25.651,127.167,114.134,7.275,7.277
2026-05-26 12:03:25.784,119.13,105.701,7.279,7.28
2026-05-26 12:03:25.908,110.112,93.613,7.257,7.263
2026-05-26 12:03:26.051,131.363,118.305,7.24,7.241
2026-05-26 12:03:26.216,152.215,139.537,7.279,7.281
2026-05-26 12:03:26.384,157.384,144.714,7.236,7.231
2026-05-26 12:03:26.529,132.145,117.707,7.288,7.295
2026-05-26 12:03:26.678,136.696,121.145,7.266,7.262
2026-05-26 12:03:26.790,100.856,89.174,7.286,7.283
2026-05-26 12:03:26.978,176.348,163.691,7.176,7.174
2026-05-26 12:03:27.144,155.129,143.454,7.1,7.099
2026-05-26 12:03:27.270,116.587,103.966,7.103,7.098
2026-05-26 12:03:27.655,374.792,356.252,6.724,6.72
2026-05-26 12:03:27.793,124.365,108.303,6.713,6.717
2026-05-26 12:03:27.906,100.777,88.983,6.737,6.741
2026-05-26 12:03:28.044,125.556,113.273,6.748,6.747
2026-05-26 12:03:28.194,138.488,125.68,6.739,6.739
2026-05-26 12:03:28.322,116.933,105.077,6.745,6.742
2026-05-26 12:03:28.508,171.685,154.987,6.705,6.706
2026-05-26 12:03:28.636,116.466,102.132,6.682,6.684
2026-05-26 12:03:28.760,112.634,97.68,6.695,6.693
2026-05-26 12:03:28.895,121.863,109.575,6.709,6.709
2026-05-26 12:03:29.020,114.666,102.887,6.713,6.706
2026-05-26 12:03:29.146,115.765,99.818,6.701,6.695
2026-05-26 12:03:29.270,112.977,97.083,6.683,6.686
2026-05-26 12:03:29.393,111.094,97.264,6.707,6.702
2026-05-26 12:03:29.534,130.871,116.968,6.701,6.7
2026-05-26 12:03:29.693,146.874,133.614,6.747,6.75
2026-05-26 12:03:29.823,118.17,105.745,6.726,6.729
2026-05-26 12:03:29.976,141.206,126.138,6.706,6.706
2026-05-26 12:03:30.125,134.516,119.484,6.681,6.685
2026-05-26 12:03:30.256,118.297,105.37,6.671,6.668
2026-05-26 12:03:30.417,147.691,133.726,6.642,6.644
2026-05-26 12:03:30.538,107.51,93.133,6.71,6.711
2026-05-26 12:03:30.683,130.38,118.062,6.746,6.752
2026-05-26 12:03:30.798,103.061,91.021,6.794,6.789
2026-05-26 12:03:30.923,115.342,102.558,6.832,6.825
2026-05-26 12:03:31.067,130.562,114.108,6.78,6.787
2026-05-26 12:03:31.229,148.505,135.247,6.821,6.824
2026-05-26 12:03:31.354,113.647,100.669,6.888,6.889
2026-05-26 12:03:31.506,139.985,124.768,6.846,6.85
2026-05-26 12:03:31.680,162.794,149.751,7.205,7.207
2026-05-26 12:03:31.792,101.671,89.956,7.252,7.245
2026-05-26 12:03:31.928,124.307,112.253,7.21,7.209
2026-05-26 12:03:32.078,133.829,121.805,7.188,7.197
2026-05-26 12:03:32.218,125.633,113.473,7.207,7.21
2026-05-26 12:03:32.340,111.322,98.484,7.217,7.217
2026-05-26 12:03:32.512,159.816,143.727,7.243,7.247
2026-05-26 12:03:32.680,156.576,143.785,7.172,7.17
2026-05-26 12:03:32.792,101.019,88.879,7.192,7.192
2026-05-26 12:03:32.916,109.892,97.023,7.213,7.214
2026-05-26 12:03:33.044,117.696,104.955,7.206,7.207
2026-05-26 12:03:33.236,181.167,164.635,7.09,7.091
2026-05-26 12:03:33.369,119.854,106.955,7.075,7.077
2026-05-26 12:03:33.488,107.883,93.634,7.082,7.08
2026-05-26 12:03:33.616,114.558,101.541,7.106,7.108
2026-05-26 12:03:33.735,107.962,92.324,7.175,7.175
2026-05-26 12:03:33.890,143.921,131.362,7.132,7.129
2026-05-26 12:03:34.010,109.063,97.482,7.188,7.186
2026-05-26 12:03:34.188,166.778,153.353,7.138,7.129
2026-05-26 12:03:34.320,121.024,108.327,7.134,7.133
2026-05-26 12:03:34.461,127.53,112.195,7.172,7.17
2026-05-26 12:03:34.589,117.535,106.079,7.159,7.153
2026-05-26 12:03:34.774,174.167,159.93,7.09,7.082
2026-05-26 12:03:34.883,98.434,86.413,7.098,7.099
2026-05-26 12:03:35.042,147.522,134.182,7.04,7.044
2026-05-26 12:03:35.187,128.547,116.606,7.039,7.042
2026-05-26 12:03:35.305,106.662,93.578,7.115,7.112
2026-05-26 12:03:35.433,117.485,103.917,7.11,7.108
2026-05-26 12:03:35.574,129.269,113.098,7.128,7.129
2026-05-26 12:03:35.720,131.697,116.478,7.177,7.185
2026-05-26 12:03:35.840,105.33,93.373,7.165,7.17
2026-05-26 12:03:35.974,121.614,110.234,7.168,7.169
2026-05-26 12:03:36.117,129.075,116.875,7.18,7.175
2026-05-26 12:03:36.520,392.173,377.282,6.742,6.736
2026-05-26 12:03:36.655,123.629,110.106,6.721,6.722
2026-05-26 12:03:36.780,113.855,98.033,6.795,6.789
2026-05-26 12:03:36.913,120.368,105.419,6.851,6.853
2026-05-26 12:03:37.035,110.569,98.005,6.835,6.836
2026-05-26 12:03:37.182,135.382,120.125,6.797,6.796
2026-05-26 12:03:37.298,104.095,91.554,6.818,6.819
2026-05-26 12:03:37.487,173.036,158.382,6.822,6.834
2026-05-26 12:03:37.637,137.779,120.089,6.795,6.796
2026-05-26 12:03:37.847,199.419,186.348,6.653,6.653
2026-05-26 12:03:37.968,109.625,96.495,6.663,6.662
2026-05-26 12:03:38.108,127.871,113.357,6.631,6.633
2026-05-26 12:03:38.228,109.78,97.237,6.685,6.683
2026-05-26 12:03:38.364,122.406,108.818,6.66,6.664
2026-05-26 12:03:38.476,101.244,89.466,6.762,6.763
2026-05-26 12:03:38.612,123.01,109.754,6.757,6.758
2026-05-26 12:03:38.783,159.761,147.41,6.709,6.707
2026-05-26 12:03:38.901,109.005,95.173,6.725,6.725
2026-05-26 12:03:39.034,119.406,105.223,6.808,6.811
2026-05-26 12:03:39.169,122.892,109.507,6.766,6.768
2026-05-26 12:03:39.355,174.153,159.678,6.724,6.723
2026-05-26 12:03:39.488,122.317,109.958,6.742,6.734
2026-05-26 12:03:39.624,123.119,107.966,6.715,6.716
2026-05-26 12:03:39.774,138.42,123.936,6.68,6.683
2026-05-26 12:03:39.896,109.003,96.929,6.71,6.711
2026-05-26 12:03:40.034,125.949,111.796,6.723,6.718
2026-05-26 12:03:40.166,120.532,107.692,6.703,6.7
2026-05-26 12:03:40.288,110.914,94.877,6.723,6.721
2026-05-26 12:03:40.431,130.756,117.027,6.722,6.722
2026-05-26 12:03:40.586,142.482,129.135,7.132,7.137
2026-05-26 12:03:40.721,122.682,108.432,7.133,7.136
2026-05-26 12:03:40.874,141.606,125.77,7.085,7.087
2026-05-26 12:03:40.997,112.103,99.541,7.1,7.1
2026-05-26 12:03:41.139,127.853,113.831,7.066,7.071
2026-05-26 12:03:41.278,124.867,111.272,7.08,7.082
2026-05-26 12:03:41.428,135.143,121.849,7.021,7.028
2026-05-26 12:03:41.550,109.911,97.616,7.139,7.127
2026-05-26 12:03:41.684,121.226,108.069,7.165,7.165
2026-05-26 12:03:41.828,131.615,117.534,7.284,7.29
2026-05-26 12:03:41.944,102.325,91.0,7.294,7.294
2026-05-26 12:03:42.065,107.885,96.09,7.33,7.33
2026-05-26 12:03:42.217,141.15,124.564,7.269,7.273
2026-05-26 12:03:42.356,127.81,114.507,7.266,7.26
2026-05-26 12:03:42.549,181.977,166.039,7.12,7.121
2026-05-26 12:03:42.676,114.288,100.735,7.136,7.136
2026-05-26 12:03:42.791,103.238,89.266,7.235,7.236
2026-05-26 12:03:42.911,108.929,96.205,7.232,7.234
2026-05-26 12:03:43.036,111.115,97.783,7.245,7.248
2026-05-26 12:03:43.222,174.843,160.062,7.156,7.154
2026-05-26 12:03:43.351,118.136,105.225,7.257,7.257
2026-05-26 12:03:43.484,122.026,106.578,7.259,7.257
2026-05-26 12:03:43.630,133.344,117.752,7.24,7.241
2026-05-26 12:03:43.764,122.064,109.254,7.268,7.268
2026-05-26 12:03:43.900,123.963,106.39,7.242,7.244
2026-05-26 12:03:44.137,225.333,210.598,7.068,7.069
2026-05-26 12:03:44.259,110.178,96.756,7.086,7.086
2026-05-26 12:03:44.380,109.891,94.981,7.087,7.087
2026-05-26 12:03:44.520,129.734,114.413,7.092,7.092
2026-05-26 12:03:44.641,109.596,96.675,7.15,7.148
2026-05-26 12:03:44.774,121.505,108.719,7.154,7.15
2026-05-26 12:03:44.899,113.701,101.498,7.204,7.202
2026-05-26 12:03:45.067,153.197,136.719,7.126,7.131
2026-05-26 12:03:45.232,154.498,140.777,7.085,7.079
2026-05-26 12:03:45.379,134.019,120.339,7.072,7.071
2026-05-26 12:03:45.559,167.7,155.048,7.02,7.015
2026-05-26 12:03:45.681,111.459,99.769,7.019,7.017
2026-05-26 12:03:45.798,104.231,89.802,7.05,7.048
2026-05-26 12:03:46.175,366.257,353.115,6.671,6.667
2026-05-26 12:03:46.365,177.51,164.735,6.558,6.56
2026-05-26 12:03:46.551,175.664,162.847,6.464,6.461
2026-05-26 12:03:46.676,112.924,99.911,6.505,6.505
2026-05-26 12:03:46.799,111.918,97.523,6.527,6.528
2026-05-26 12:03:46.924,114.248,100.484,6.629,6.628
2026-05-26 12:03:47.119,185.689,170.29,6.527,6.523
2026-05-26 12:03:47.258,125.591,111.354,6.492,6.494
2026-05-26 12:03:47.388,119.587,105.941,6.479,6.475
2026-05-26 12:03:47.556,156.682,141.82,6.417,6.413
2026-05-26 12:03:47.684,114.194,101.068,6.499,6.503
2026-05-26 12:03:47.800,103.413,88.802,6.519,6.52
2026-05-26 12:03:47.942,130.217,116.049,6.504,6.507
2026-05-26 12:03:48.079,125.829,113.075,6.518,6.517
2026-05-26 12:03:48.213,121.61,106.076,6.519,6.518
2026-05-26 12:03:48.396,169.883,155.722,6.45,6.45
2026-05-26 12:03:48.518,108.691,96.376,6.619,6.62
2026-05-26 12:03:48.720,190.898,176.886,6.5,6.5
2026-05-26 12:03:48.840,106.355,92.997,6.502,6.507
2026-05-26 12:03:48.976,123.737,112.581,6.509,6.507
2026-05-26 12:03:49.135,144.859,131.99,6.453,6.457
2026-05-26 12:03:49.269,119.775,105.495,6.452,6.456
2026-05-26 12:03:49.426,146.436,132.425,6.406,6.405
2026-05-26 12:03:49.568,130.366,117.268,6.443,6.44
2026-05-26 12:03:49.718,136.77,119.622,6.465,6.469
2026-05-26 12:03:49.852,121.989,108.391,6.483,6.482
2026-05-26 12:03:49.969,105.186,89.44,6.576,6.575
2026-05-26 12:03:50.222,238.066,224.688,6.386,6.393
2026-05-26 12:03:50.538,304.869,288.736,6.118,6.116
2026-05-26 12:03:50.663,113.922,101.459,6.462,6.463
2026-05-26 12:03:50.791,116.261,102.951,6.553,6.551
2026-05-26 12:03:50.915,112.321,97.017,6.646,6.647
2026-05-26 12:03:51.083,155.203,140.087,6.58,6.583
2026-05-26 12:03:51.216,123.302,109.85,6.565,6.563
2026-05-26 12:03:51.389,161.339,146.309,6.495,6.495
2026-05-26 12:03:51.551,150.924,138.563,6.544,6.546
2026-05-26 12:03:51.760,198.375,186.136,6.442,6.438
2026-05-26 12:03:51.878,103.553,91.901,6.459,6.465
2026-05-26 12:03:51.999,110.705,99.273,6.527,6.526
2026-05-26 12:03:52.164,151.62,137.347,6.474,6.472
2026-05-26 12:03:52.280,106.179,94.19,6.472,6.47
2026-05-26 12:03:52.404,112.375,99.685,6.499,6.497
2026-05-26 12:03:52.575,159.602,144.703,6.45,6.448
2026-05-26 12:03:52.702,116.134,104.213,6.46,6.458
2026-05-26 12:03:52.827,114.087,98.906,6.544,6.541
2026-05-26 12:03:52.953,114.66,100.431,6.539,6.536
2026-05-26 12:03:53.103,139.562,125.004,6.616,6.615
2026-05-26 12:03:53.224,109.232,95.746,6.614,6.61
2026-05-26 12:03:53.399,162.868,148.603,6.556,6.556
2026-05-26 12:03:53.524,112.352,99.625,6.607,6.605
2026-05-26 12:03:53.666,128.511,113.277,6.596,6.595
2026-05-26 12:03:53.782,105.731,92.355,6.657,6.658
2026-05-26 12:03:53.946,152.485,139.592,6.624,6.622
2026-05-26 12:03:54.109,151.931,139.67,6.604,6.601
2026-05-26 12:03:54.236,115.844,102.946,6.615,6.613
2026-05-26 12:03:54.369,120.922,104.81,6.591,6.592
2026-05-26 12:03:54.484,104.54,90.826,6.804,6.798
2026-05-26 12:03:54.617,120.154,107.12,7.11,7.112
2026-05-26 12:03:54.747,116.968,103.872,7.1,7.103
2026-05-26 12:03:54.917,158.387,143.093,7.028,7.029
2026-05-26 12:03:55.063,132.849,116.574,6.991,7.0
2026-05-26 12:03:55.187,112.909,100.557,7.065,7.062
2026-05-26 12:03:55.330,129.746,115.284,7.05,7.053
2026-05-26 12:03:55.475,132.999,116.997,7.097,7.105
2026-05-26 12:03:55.595,110.126,98.516,7.171,7.168
2026-05-26 12:03:55.742,135.256,121.331,7.284,7.284
2026-05-26 12:03:55.872,118.326,105.38,7.261,7.257
2026-05-26 12:03:56.246,362.767,347.768,6.828,6.83
2026-05-26 12:03:56.451,191.528,178.168,6.764,6.766
2026-05-26 12:03:56.598,135.718,121.946,6.717,6.719
2026-05-26 12:03:56.740,128.614,114.713,6.689,6.693
2026-05-26 12:03:56.864,112.253,99.679,6.763,6.762
2026-05-26 12:03:56.984,109.87,94.757,6.773,6.774
2026-05-26 12:03:57.134,136.889,120.98,6.734,6.741
2026-05-26 12:03:57.268,122.748,108.77,6.72,6.723
2026-05-26 12:03:57.396,115.408,100.255,6.756,6.758
2026-05-26 12:03:57.572,164.68,149.674,6.671,6.669
2026-05-26 12:03:57.744,161.729,149.367,6.674,6.672
2026-05-26 12:03:57.867,108.871,96.877,6.678,6.678
2026-05-26 12:03:58.049,172.105,159.972,6.616,6.611
2026-05-26 12:03:58.190,128.009,115.089,6.579,6.582
2026-05-26 12:03:58.309,106.734,93.494,6.647,6.649
2026-05-26 12:03:58.444,124.508,111.933,6.69,6.688
2026-05-26 12:03:58.583,125.633,113.358,6.672,6.674
2026-05-26 12:03:58.725,128.932,114.538,6.658,6.66
2026-05-26 12:03:58.843,105.181,91.952,6.654,6.656
2026-05-26 12:03:58.975,120.139,108.092,6.655,6.654
2026-05-26 12:03:59.105,120.058,106.588,6.654,6.649
2026-05-26 12:03:59.266,147.985,133.818,6.669,6.668
2026-05-26 12:03:59.393,116.315,103.612,6.698,6.689
2026-05-26 12:03:59.597,193.381,179.569,6.576,6.575
2026-05-26 12:03:59.722,113.298,101.004,6.603,6.6
2026-05-26 12:03:59.845,111.74,96.07,6.636,6.629
2026-05-26 12:03:59.970,115.211,100.127,6.628,6.63
2026-05-26 12:04:00.148,164.934,149.848,6.582,6.583
2026-05-26 12:04:00.323,163.595,150.557,6.515,6.514
2026-05-26 12:04:00.468,131.365,118.575,6.868,6.874
2026-05-26 12:04:00.598,118.071,104.957,6.993,6.988
2026-05-26 12:04:00.744,134.013,117.395,6.995,6.996
2026-05-26 12:04:00.860,103.622,91.57,7.04,7.036
2026-05-26 12:04:00.981,109.209,97.035,7.043,7.045
2026-05-26 12:04:01.160,166.911,153.423,6.945,6.945
2026-05-26 12:04:01.285,109.963,98.115,6.986,6.986
2026-05-26 12:04:01.404,108.821,94.734,7.011,7.008
2026-05-26 12:04:01.530,114.609,101.674,7.015,7.012
2026-05-26 12:04:01.656,114.048,101.318,7.101,7.101
2026-05-26 12:04:01.826,160.916,146.63,7.105,7.103
2026-05-26 12:04:01.963,122.979,111.11,7.08,7.08
2026-05-26 12:04:02.136,161.619,144.588,7.095,7.101
2026-05-26 12:04:02.263,114.862,102.153,7.12,7.119
2026-05-26 12:04:02.434,161.688,146.316,7.03,7.026
2026-05-26 12:04:02.624,178.035,164.874,6.937,6.94
2026-05-26 12:04:02.761,123.809,111.433,6.941,6.941
2026-05-26 12:04:02.877,104.991,90.881,6.984,6.98
2026-05-26 12:04:03.025,135.913,123.117,6.935,6.933
2026-05-26 12:04:03.178,140.198,128.522,6.9,6.902
2026-05-26 12:04:03.304,114.446,101.748,6.907,6.91
2026-05-26 12:04:03.439,123.387,109.125,6.948,6.947
2026-05-26 12:04:03.571,119.505,106.759,6.94,6.942
2026-05-26 12:04:03.706,119.959,105.602,7.059,7.065
2026-05-26 12:04:03.840,121.092,107.382,7.043,7.045
2026-05-26 12:04:03.953,102.064,87.584,7.06,7.061
2026-05-26 12:04:04.088,123.193,110.544,7.043,7.044
2026-05-26 12:04:04.276,176.796,164.204,7.025,7.023
2026-05-26 12:04:04.389,102.315,89.848,7.132,7.132
2026-05-26 12:04:04.585,167.914,153.542,7.045,7.069
2026-05-26 12:04:04.874,277.88,261.536,6.783,6.782
2026-05-26 12:04:04.993,108.763,96.392,6.824,6.823
2026-05-26 12:04:05.164,158.371,144.725,6.737,6.737
2026-05-26 12:04:05.296,121.255,108.327,6.72,6.719
2026-05-26 12:04:05.437,128.469,111.572,6.781,6.784
2026-05-26 12:04:05.571,123.718,111.112,6.766,6.759
2026-05-26 12:04:05.761,178.348,163.68,6.657,6.658
2026-05-26 12:04:05.879,107.126,94.844,6.669,6.668
2026-05-26 12:04:06.012,119.079,105.898,6.657,6.661
2026-05-26 12:04:06.182,159.264,144.938,6.658,6.66
2026-05-26 12:04:06.305,112.076,99.262,6.678,6.674
2026-05-26 12:04:06.476,157.8,144.425,6.683,6.681
2026-05-26 12:04:06.598,107.711,96.188,6.69,6.693
2026-05-26 12:04:06.735,125.813,112.342,6.743,6.746
2026-05-26 12:04:06.849,102.866,90.387,6.865,6.863
2026-05-26 12:04:06.988,128.128,115.551,6.861,6.858
2026-05-26 12:04:07.116,114.674,101.724,6.841,6.845
2026-05-26 12:04:07.301,173.811,159.934,6.782,6.781
2026-05-26 12:04:07.452,139.79,126.919,6.784,6.783
2026-05-26 12:04:07.648,185.969,172.361,6.676,6.674
2026-05-26 12:04:07.771,110.614,97.912,6.695,6.696
2026-05-26 12:04:07.888,107.927,93.581,6.718,6.713
2026-05-26 12:04:08.027,125.803,111.856,6.71,6.708
2026-05-26 12:04:08.192,154.577,143.075,6.664,6.659
2026-05-26 12:04:08.310,106.956,94.486,6.656,6.655
2026-05-26 12:04:08.467,145.863,131.373,6.623,6.625
2026-05-26 12:04:08.600,117.707,104.907,6.706,6.713
2026-05-26 12:04:08.750,139.07,122.932,6.649,6.651
2026-05-26 12:04:08.923,160.306,148.033,6.685,6.659
2026-05-26 12:04:09.068,130.221,116.377,6.915,6.924
2026-05-26 12:04:09.209,125.396,111.756,6.879,6.888
2026-05-26 12:04:09.387,166.978,154.31,6.866,6.866
2026-05-26 12:04:09.503,104.306,92.376,6.893,6.894
2026-05-26 12:04:09.623,108.941,95.75,6.927,6.922
2026-05-26 12:04:09.759,125.424,111.519,6.925,6.924
2026-05-26 12:04:09.876,105.377,93.361,7.047,7.048
2026-05-26 12:04:09.993,107.336,95.119,7.049,7.047
2026-05-26 12:04:10.130,125.726,112.238,7.042,7.038
2026-05-26 12:04:10.272,125.664,111.454,7.09,7.099
2026-05-26 12:04:10.463,180.114,166.417,6.976,6.975
2026-05-26 12:04:10.581,106.438,94.133,7.063,7.063
2026-05-26 12:04:10.706,113.351,100.503,7.06,7.054
2026-05-26 12:04:10.830,111.527,96.581,7.082,7.082
2026-05-26 12:04:10.956,112.474,97.533,7.061,7.065
2026-05-26 12:04:11.119,151.855,137.732,7.02,7.022
2026-05-26 12:04:11.261,129.477,115.556,6.996,6.996
2026-05-26 12:04:11.394,121.653,108.333,7.085,7.085
2026-05-26 12:04:11.516,110.568,94.463,7.137,7.138
2026-05-26 12:04:11.678,151.021,138.142,7.195,7.198
2026-05-26 12:04:11.793,104.686,91.954,7.21,7.207
2026-05-26 12:04:11.993,188.206,175.705,7.066,7.069
2026-05-26 12:04:12.119,115.346,103.792,7.088,7.084
2026-05-26 12:04:12.268,139.451,124.467,7.114,7.114
2026-05-26 12:04:12.397,116.874,104.034,7.096,7.097
2026-05-26 12:04:12.598,191.25,173.221,7.02,7.019
2026-05-26 12:04:12.740,127.679,114.972,7.005,7.003
2026-05-26 12:04:12.871,120.12,104.828,7.037,7.036
2026-05-26 12:04:13.017,134.01,118.142,7.083,7.083
2026-05-26 12:04:13.225,197.008,181.119,6.975,6.97
2026-05-26 12:04:13.560,320.07,302.438,6.665,6.665
2026-05-26 12:04:13.906,333.334,319.033,6.417,6.419
2026-05-26 12:04:14.352,428.316,410.093,5.981,5.988
2026-05-26 12:04:14.572,208.795,193.053,5.86,5.861
2026-05-26 12:04:14.711,124.328,111.349,5.856,5.862
2026-05-26 12:04:14.889,165.403,152.786,5.785,5.786
2026-05-26 12:04:15.147,244.395,230.602,5.626,5.631
2026-05-26 12:04:15.561,395.361,378.775,5.34,5.35
2026-05-26 12:04:15.836,263.419,239.037,5.212,5.208
2026-05-26 12:04:16.174,323.859,310.249,5.078,5.081
2026-05-26 12:04:16.433,244.698,229.036,4.956,4.958
2026-05-26 12:04:16.710,265.082,249.362,4.829,4.832
2026-05-26 12:04:16.966,242.513,226.024,4.726,4.727
2026-05-26 12:04:17.211,227.055,213.48,4.636,4.64
2026-05-26 12:04:17.622,399.736,384.816,4.459,4.459
2026-05-26 12:04:17.745,110.986,99.402,4.473,4.472
2026-05-26 12:04:17.890,133.064,118.37,4.465,4.466
2026-05-26 12:04:18.029,124.397,111.748,4.452,4.454
2026-05-26 12:04:18.222,179.585,159.623,4.432,4.435
2026-05-26 12:04:18.353,119.383,105.003,4.421,4.422
2026-05-26 12:04:18.562,197.272,180.935,4.415,4.415
2026-05-26 12:04:18.704,130.029,115.653,4.404,4.406
2026-05-26 12:04:18.881,164.273,146.685,4.385,4.388
2026-05-26 12:04:19.023,126.19,112.064,4.376,4.38
2026-05-26 12:04:19.288,254.14,237.772,4.334,4.334
2026-05-26 12:04:19.423,122.144,109.392,4.339,4.338
2026-05-26 12:04:19.598,163.085,149.369,4.311,4.311
2026-05-26 12:04:19.809,199.213,186.127,4.269,4.269
2026-05-26 12:04:19.949,124.534,111.439,4.313,4.314
2026-05-26 12:04:20.161,200.412,185.149,4.394,4.39
2026-05-26 12:04:20.285,114.047,101.961,4.546,4.544
2026-05-26 12:04:20.457,160.555,144.497,4.75,4.745
2026-05-26 12:04:20.585,114.853,102.15,4.823,4.824
2026-05-26 12:04:20.774,178.176,161.858,4.783,4.78
2026-05-26 12:04:20.916,126.948,114.087,4.812,4.813
2026-05-26 12:04:21.056,126.341,110.021,4.908,4.908
2026-05-26 12:04:21.229,160.596,145.373,5.116,5.109
2026-05-26 12:04:21.452,211.603,198.023,5.164,5.163
2026-05-26 12:04:21.580,114.796,101.541,5.364,5.364
2026-05-26 12:04:21.762,170.207,153.199,5.442,5.439
2026-05-26 12:04:21.887,113.85,101.31,5.602,5.599
2026-05-26 12:04:22.046,147.708,133.617,5.708,5.705
2026-05-26 12:04:22.194,134.564,120.323,5.82,5.815
2026-05-26 12:04:22.373,163.739,145.951,6.104,6.11
2026-05-26 12:04:22.518,127.51,113.105,6.076,6.085
2026-05-26 12:04:22.718,189.026,175.641,6.007,6.004
2026-05-26 12:04:22.852,120.903,107.389,6.013,6.011
2026-05-26 12:04:23.042,178.901,162.253,6.017,6.01
2026-05-26 12:04:23.191,135.934,122.659,5.995,5.998
2026-05-26 12:04:23.392,190.372,172.955,6.003,6.004
2026-05-26 12:04:23.510,106.691,94.446,6.034,6.03
2026-05-26 12:04:23.895,372.292,357.935,5.784,5.782
2026-05-26 12:04:24.106,199.135,185.662,5.706,5.7
2026-05-26 12:04:24.302,185.318,172.022,5.783,5.784
2026-05-26 12:04:24.510,196.545,182.162,5.701,5.7
2026-05-26 12:04:24.625,103.707,91.618,5.769,5.769
2026-05-26 12:04:24.817,180.517,166.868,5.791,5.792
2026-05-26 12:04:24.956,122.944,109.895,5.792,5.794
2026-05-26 12:04:25.148,179.69,165.044,5.814,5.816
2026-05-26 12:04:25.274,114.577,102.496,5.813,5.813
2026-05-26 12:04:25.454,166.963,151.274,5.804,5.806
2026-05-26 12:04:25.619,151.359,138.024,5.76,5.763
2026-05-26 12:04:25.768,133.102,116.569,5.807,5.813
2026-05-26 12:04:25.956,174.237,160.812,5.754,5.753
2026-05-26 12:04:26.130,158.385,143.447,5.715,5.718
2026-05-26 12:04:26.303,159.153,142.983,5.716,5.718
2026-05-26 12:04:26.434,118.297,100.566,5.821,5.823
2026-05-26 12:04:26.636,191.393,176.563,5.736,5.732
2026-05-26 12:04:26.763,115.406,103.091,5.8,5.799
2026-05-26 12:04:26.952,178.8,164.258,5.725,5.725
2026-05-26 12:04:27.099,133.477,119.359,5.739,5.743
2026-05-26 12:04:27.293,179.089,160.748,5.687,5.689
2026-05-26 12:04:27.417,113.17,101.457,5.749,5.742
2026-05-26 12:04:27.633,204.129,189.993,5.669,5.662
2026-05-26 12:04:27.770,125.237,112.699,5.74,5.741
2026-05-26 12:04:27.928,145.844,132.289,5.712,5.711
2026-05-26 12:04:28.140,200.17,185.912,5.688,5.689
2026-05-26 12:04:28.333,178.707,165.035,5.639,5.64
2026-05-26 12:04:28.482,133.808,118.659,5.698,5.702
2026-05-26 12:04:28.653,160.439,143.441,5.639,5.64
2026-05-26 12:04:28.778,112.235,98.796,5.939,5.939
2026-05-26 12:04:28.920,130.474,116.102,6.024,6.025
2026-05-26 12:04:29.103,164.376,150.589,6.041,6.052
2026-05-26 12:04:29.287,169.99,151.522,6.071,6.077
2026-05-26 12:04:29.438,136.057,117.471,6.026,6.034
2026-05-26 12:04:29.623,173.851,157.919,6.034,6.035
2026-05-26 12:04:29.803,165.933,150.695,5.983,5.982
2026-05-26 12:04:29.933,119.059,105.117,6.061,6.06
2026-05-26 12:04:30.320,376.068,360.435,5.747,5.747
2026-05-26 12:04:30.501,166.282,151.776,5.746,5.748
2026-05-26 12:04:30.687,172.598,155.405,5.723,5.722
2026-05-26 12:04:30.818,119.485,105.037,5.743,5.737
2026-05-26 12:04:30.960,131.818,115.3,5.795,5.792
2026-05-26 12:04:31.084,112.457,97.297,5.854,5.851
2026-05-26 12:04:31.291,195.692,180.911,5.814,5.808
2026-05-26 12:04:31.423,120.409,108.577,5.813,5.812
2026-05-26 12:04:31.601,167.831,152.248,5.841,5.841
2026-05-26 12:04:31.735,122.138,108.605,5.833,5.833
2026-05-26 12:04:31.946,200.915,186.29,5.807,5.806
2026-05-26 12:04:32.093,133.018,118.442,5.808,5.808
2026-05-26 12:04:32.256,147.351,130.765,5.844,5.846
2026-05-26 12:04:32.403,134.447,114.254,5.816,5.822
2026-05-26 12:04:32.635,220.05,204.91,5.797,5.797
2026-05-26 12:04:32.752,105.091,91.712,5.821,5.821
2026-05-26 12:04:32.917,151.741,136.268,5.813,5.815
2026-05-26 12:04:33.043,114.816,103.113,5.915,5.914
2026-05-26 12:04:33.241,186.832,172.401,5.909,5.903
2026-05-26 12:04:33.375,122.105,111.05,5.926,5.922
2026-05-26 12:04:33.526,132.726,117.549,5.952,5.959
2026-05-26 12:04:33.948,409.648,398.495,5.609,5.61
2026-05-26 12:04:34.090,128.973,116.925,5.609,5.61
2026-05-26 12:04:34.288,182.41,164.478,5.592,5.59
2026-05-26 12:04:34.422,122.903,111.977,5.648,5.641
2026-05-26 12:04:34.621,189.002,173.55,5.595,5.587
2026-05-26 12:04:34.769,134.3,120.472,5.636,5.637
2026-05-26 12:04:34.909,127.558,113.727,5.68,5.676
2026-05-26 12:04:35.121,200.595,180.381,5.59,5.59
2026-05-26 12:04:35.245,111.594,98.504,5.889,5.891
2026-05-26 12:04:35.447,189.929,175.053,5.863,5.86
2026-05-26 12:04:35.602,142.911,129.906,5.9,5.898
2026-05-26 12:04:35.775,158.421,142.462,5.85,5.855
2026-05-26 12:04:35.909,123.703,110.873,5.86,5.858
2026-05-26 12:04:36.107,186.9,170.376,5.773,5.77
2026-05-26 12:04:36.287,163.222,149.872,5.805,5.812
2026-05-26 12:04:36.419,119.631,105.664,5.805,5.806
2026-05-26 12:04:36.606,175.671,160.926,5.794,5.795
2026-05-26 12:04:36.737,117.78,105.893,5.797,5.8
2026-05-26 12:04:36.907,158.055,143.927,5.846,5.848
2026-05-26 12:04:37.121,203.127,190.62,5.767,5.764
2026-05-26 12:04:37.254,122.576,108.611,5.802,5.793
2026-05-26 12:04:37.404,136.907,121.281,5.799,5.797
2026-05-26 12:04:37.632,217.021,204.102,5.804,5.803
2026-05-26 12:04:37.772,127.691,114.652,5.777,5.778
2026-05-26 12:04:37.972,188.694,174.739,5.736,5.734
2026-05-26 12:04:38.098,114.536,102.083,5.737,5.737
2026-05-26 12:04:38.284,175.179,159.848,5.75,5.751
2026-05-26 12:04:38.421,122.035,108.708,5.748,5.751
2026-05-26 12:04:38.652,220.617,206.445,5.657,5.649
2026-05-26 12:04:38.787,122.43,109.766,5.992,5.993
2026-05-26 12:04:38.964,164.504,150.804,5.95,5.948
2026-05-26 12:04:39.102,124.115,111.266,6.025,6.021
2026-05-26 12:04:39.255,140.347,125.328,6.0,6.005
2026-05-26 12:04:39.677,410.73,391.017,5.735,5.739
2026-05-26 12:04:39.790,100.788,89.313,5.776,5.773
2026-05-26 12:04:39.957,157.787,145.946,5.744,5.741
2026-05-26 12:04:40.182,213.091,199.682,5.73,5.731
2026-05-26 12:04:40.337,138.109,124.459,5.695,5.701
2026-05-26 12:04:40.491,140.59,124.437,5.749,5.751
2026-05-26 12:04:40.696,195.074,175.717,5.693,5.691
2026-05-26 12:04:40.814,106.207,92.863,5.756,5.751
2026-05-26 12:04:40.979,152.72,137.22,5.72,5.723
2026-05-26 12:04:41.143,147.628,135.211,5.759,5.766
2026-05-26 12:04:41.279,126.088,111.165,5.809,5.801
2026-05-26 12:04:41.435,144.401,128.078,5.782,5.779
2026-05-26 12:04:41.583,134.825,120.457,5.827,5.83
2026-05-26 12:04:41.833,238.605,223.788,5.691,5.69
2026-05-26 12:04:41.974,128.238,115.057,5.722,5.725
2026-05-26 12:04:42.177,190.056,171.316,5.736,5.741
2026-05-26 12:04:42.316,124.097,110.005,5.729,5.735
2026-05-26 12:04:42.517,187.201,170.867,5.672,5.673
2026-05-26 12:04:42.642,113.749,97.947,5.788,5.788
2026-05-26 12:04:42.796,142.19,128.556,5.772,5.771
2026-05-26 12:04:42.914,106.758,93.605,5.869,5.868
2026-05-26 12:04:43.109,184.216,170.552,5.788,5.788
2026-05-26 12:04:43.355,234.942,222.392,5.719,5.72
2026-05-26 12:04:43.528,157.946,145.182,5.678,5.679
2026-05-26 12:04:43.735,196.357,180.081,5.705,5.706
2026-05-26 12:04:43.845,97.728,85.21,5.734,5.733
2026-05-26 12:04:44.038,181.807,169.037,5.716,5.716
2026-05-26 12:04:44.235,184.163,170.15,5.65,5.65
2026-05-26 12:04:44.377,128.58,114.104,5.662,5.663
2026-05-26 12:04:44.567,176.799,160.92,5.93,5.934
2026-05-26 12:04:44.686,107.105,93.785,5.923,5.923
2026-05-26 12:04:44.888,190.108,177.267,5.882,5.884
2026-05-26 12:04:45.038,134.088,120.593,5.972,5.978
2026-05-26 12:04:45.189,136.803,122.81,5.977,5.973
2026-05-26 12:04:45.618,418.091,402.79,5.657,5.654
2026-05-26 12:04:45.795,161.95,148.254,5.688,5.693
2026-05-26 12:04:45.932,123.468,109.695,5.666,5.668
2026-05-26 12:04:46.074,126.068,109.656,5.692,5.696
2026-05-26 12:04:46.286,200.992,186.885,5.638,5.632
2026-05-26 12:04:46.480,180.92,166.68,5.576,5.58
2026-05-26 12:04:46.612,118.04,105.487,5.602,5.604
2026-05-26 12:04:46.805,181.156,167.574,5.554,5.551
2026-05-26 12:04:46.919,103.867,91.662,5.701,5.7
2026-05-26 12:04:47.100,168.777,154.95,5.658,5.657
2026-05-26 12:04:47.319,206.594,193.385,5.64,5.637
2026-05-26 12:04:47.435,102.984,91.06,5.666,5.663
2026-05-26 12:04:47.610,164.405,149.063,5.693,5.69
2026-05-26 12:04:47.738,117.429,104.84,5.691,5.689
2026-05-26 12:04:47.931,181.016,162.013,5.647,5.651
2026-05-26 12:04:48.079,133.304,119.671,5.614,5.619
2026-05-26 12:04:48.238,145.524,129.556,5.654,5.658
2026-05-26 12:04:48.436,187.094,172.75,5.707,5.706
2026-05-26 12:04:48.573,122.735,110.17,5.748,5.746
2026-05-26 12:04:48.729,140.544,125.143,5.807,5.813
2026-05-26 12:04:48.864,121.603,106.29,5.778,5.78
2026-05-26 12:04:49.047,168.48,153.348,5.789,5.794
2026-05-26 12:04:49.202,143.801,129.274,5.838,5.835
2026-05-26 12:04:49.403,187.032,171.72,5.769,5.767
2026-05-26 12:04:49.557,139.721,126.788,5.812,5.811
2026-05-26 12:04:49.770,201.488,187.328,5.705,5.704
2026-05-26 12:04:49.894,113.218,101.288,5.792,5.792
2026-05-26 12:04:50.090,184.666,169.299,5.74,5.733
2026-05-26 12:04:50.244,137.312,124.442,5.736,5.74
2026-05-26 12:04:50.444,187.354,169.524,6.009,6.01
2026-05-26 12:04:50.565,111.473,98.199,6.08,6.071
2026-05-26 12:04:50.735,156.671,141.373,6.037,6.038
2026-05-26 12:04:50.870,122.905,110.811,6.047,6.041
2026-05-26 12:04:51.306,424.988,411.71,5.777,5.778
2026-05-26 12:04:51.522,204.835,193.11,5.751,5.749
2026-05-26 12:04:51.675,139.936,127.21,5.727,5.727
2026-05-26 12:04:51.816,128.646,114.703,5.787,5.788
2026-05-26 12:04:51.957,126.07,109.486,5.757,5.761
2026-05-26 12:04:52.229,261.446,245.951,5.654,5.652
2026-05-26 12:04:52.389,147.886,133.801,5.72,5.719
2026-05-26 12:04:52.669,268.231,253.254,5.54,5.537
2026-05-26 12:04:52.851,169.611,156.695,5.533,5.535
2026-05-26 12:04:53.136,271.468,256.259,5.372,5.376
2026-05-26 12:04:53.424,275.659,261.117,5.28,5.277
2026-05-26 12:04:53.572,136.762,125.009,5.279,5.277
2026-05-26 12:04:53.767,181.997,164.898,5.246,5.244
2026-05-26 12:04:53.889,110.567,97.612,5.319,5.32
2026-05-26 12:04:54.091,191.01,178.713,5.256,5.254
2026-05-26 12:04:54.314,212.402,200.119,5.192,5.187
2026-05-26 12:04:54.443,114.052,100.831,5.198,5.199
2026-05-26 12:04:54.614,156.653,140.898,5.21,5.208
2026-05-26 12:04:54.739,112.541,100.971,5.237,5.238
2026-05-26 12:04:54.919,169.0,155.278,5.258,5.255
2026-05-26 12:04:55.133,201.714,189.137,5.201,5.199
2026-05-26 12:04:55.265,118.708,104.65,5.277,5.279
2026-05-26 12:04:55.467,189.676,173.493,5.204,5.205
2026-05-26 12:04:55.645,163.472,149.612,5.221,5.225
2026-05-26 12:04:55.860,203.853,188.954,5.164,5.158
2026-05-26 12:04:55.986,116.269,103.816,5.232,5.23
2026-05-26 12:04:56.181,181.739,166.285,5.164,5.166
2026-05-26 12:04:56.333,137.72,123.352,5.18,5.182
2026-05-26 12:04:56.515,169.612,154.992,5.137,5.138
2026-05-26 12:04:56.651,123.111,109.101,5.426,5.428
2026-05-26 12:04:57.038,375.267,360.219,5.257,5.258
2026-05-26 12:04:57.182,129.479,115.579,5.266,5.267
2026-05-26 12:04:57.426,232.964,216.259,5.169,5.167
2026-05-26 12:04:57.640,202.456,190.236,5.103,5.1
2026-05-26 12:04:57.757,105.798,93.52,5.247,5.247
2026-05-26 12:04:57.899,132.437,117.006,5.262,5.263
2026-05-26 12:04:58.036,123.588,110.38,5.404,5.406
2026-05-26 12:04:58.227,180.157,166.62,5.395,5.393
2026-05-26 12:04:58.349,109.789,96.786,5.564,5.562
2026-05-26 12:04:58.532,171.612,157.267,5.677,5.679
2026-05-26 12:04:58.670,124.733,110.992,5.688,5.691
2026-05-26 12:04:58.897,216.224,202.17,5.652,5.651
2026-05-26 12:04:59.017,109.226,95.927,5.655,5.654
2026-05-26 12:04:59.214,185.999,170.708,5.66,5.66
2026-05-26 12:04:59.357,127.693,114.939,5.751,5.755
2026-05-26 12:04:59.507,137.44,120.655,5.727,5.725
2026-05-26 12:04:59.710,188.972,174.418,5.69,5.69
2026-05-26 12:04:59.830,108.258,96.751,5.696,5.695
2026-05-26 12:04:59.987,146.275,132.981,5.722,5.722
2026-05-26 12:05:00.113,114.042,101.267,5.823,5.822
2026-05-26 12:05:00.282,158.302,141.885,5.78,5.778
2026-05-26 12:05:00.513,219.817,206.351,5.746,5.746
2026-05-26 12:05:00.637,111.757,98.721,5.809,5.805
2026-05-26 12:05:00.825,175.624,161.983,5.84,5.842
2026-05-26 12:05:00.964,125.568,114.287,5.826,5.83
2026-05-26 12:05:01.179,205.349,187.255,5.802,5.8
2026-05-26 12:05:01.324,129.626,115.116,5.81,5.81
2026-05-26 12:05:01.478,138.09,122.121,5.843,5.847
2026-05-26 12:05:01.618,126.47,113.284,5.839,5.838
2026-05-26 12:05:01.845,215.451,199.932,6.033,6.033
2026-05-26 12:05:02.004,147.338,133.121,6.014,6.012
2026-05-26 12:05:02.220,203.524,189.532,6.049,6.051
2026-05-26 12:05:02.475,176.889,162.259,5.998,6.084
2026-05-26 12:05:02.801,315.544,229.648,5.75,5.749
2026-05-26 12:05:02.911,99.069,86.487,5.787,5.785
2026-05-26 12:05:03.088,164.77,151.692,5.74,5.74
2026-05-26 12:05:03.258,156.041,143.975,5.764,5.767
2026-05-26 12:05:03.396,124.817,110.122,5.746,5.746
2026-05-26 12:05:03.632,226.917,212.123,5.686,5.682
2026-05-26 12:05:03.818,171.1,156.678,5.634,5.635
2026-05-26 12:05:03.942,112.794,99.832,5.749,5.748
2026-05-26 12:05:04.139,184.96,168.609,5.662,5.666
2026-05-26 12:05:04.314,158.94,146.519,5.686,5.692
2026-05-26 12:05:04.544,219.106,203.719,5.591,5.586
2026-05-26 12:05:04.688,129.837,116.006,5.597,5.6
2026-05-26 12:05:04.825,123.27,108.657,5.67,5.669
2026-05-26 12:05:04.967,128.426,110.894,5.645,5.65
2026-05-26 12:05:05.190,212.555,194.119,5.574,5.574
2026-05-26 12:05:05.319,117.73,105.588,5.571,5.57
2026-05-26 12:05:05.483,153.076,135.626,5.576,5.576
2026-05-26 12:05:05.636,139.394,124.159,5.661,5.663
2026-05-26 12:05:05.779,132.467,117.279,5.64,5.639
2026-05-26 12:05:05.956,163.325,141.201,5.652,5.656
2026-05-26 12:05:06.103,131.398,118.019,5.644,5.645
2026-05-26 12:05:06.298,183.629,168.52,5.665,5.668
2026-05-26 12:05:06.418,109.689,95.973,5.694,5.687
2026-05-26 12:05:06.640,210.015,194.327,5.618,5.614
2026-05-26 12:05:06.774,122.802,110.839,5.624,5.623
2026-05-26 12:05:06.976,189.294,174.949,5.653,5.652
2026-05-26 12:05:07.111,121.963,110.471,5.679,5.679
2026-05-26 12:05:07.294,171.698,156.822,5.716,5.715
2026-05-26 12:05:07.424,119.171,106.876,5.859,5.78
2026-05-26 12:05:07.620,184.051,169.095,6.018,6.019
2026-05-26 12:05:07.762,126.675,114.567,5.977,5.984
2026-05-26 12:05:08.206,431.469,417.96,5.667,5.665
2026-05-26 12:05:08.327,109.295,96.507,5.722,5.72
2026-05-26 12:05:08.523,185.248,171.075,5.656,5.654
2026-05-26 12:05:08.679,141.812,126.458,5.746,5.752
2026-05-26 12:05:08.865,171.339,153.921,5.745,5.746
2026-05-26 12:05:08.999,122.093,108.424,5.734,5.735
2026-05-26 12:05:09.168,156.791,140.612,5.766,5.762
2026-05-26 12:05:09.324,140.671,126.006,5.789,5.789
2026-05-26 12:05:09.518,182.815,167.855,5.83,5.833
2026-05-26 12:05:09.668,136.577,122.331,5.824,5.822
2026-05-26 12:05:09.906,228.812,214.416,5.707,5.703
2026-05-26 12:05:10.065,140.52,125.691,5.689,5.693
2026-05-26 12:05:10.314,237.905,220.317,5.66,5.661
2026-05-26 12:05:10.600,274.64,260.275,5.491,5.493
2026-05-26 12:05:10.746,132.475,118.566,5.51,5.513
2026-05-26 12:05:10.977,218.847,203.516,5.429,5.428
2026-05-26 12:05:11.153,161.832,146.424,5.396,5.401
2026-05-26 12:05:11.316,150.2,135.906,5.411,5.408
2026-05-26 12:05:11.505,175.995,157.184,5.368,5.367
2026-05-26 12:05:11.648,130.156,115.174,5.421,5.422
2026-05-26 12:05:11.793,132.45,117.417,5.396,5.4
2026-05-26 12:05:11.976,167.422,151.394,5.435,5.437
2026-05-26 12:05:12.265,277.974,261.66,5.282,5.284
2026-05-26 12:05:12.432,151.777,138.648,5.315,5.319
2026-05-26 12:05:12.720,275.683,260.818,5.17,5.17
2026-05-26 12:05:12.941,208.808,196.475,5.135,5.136
2026-05-26 12:05:13.120,167.002,154.251,5.091,5.093
2026-05-26 12:05:13.269,135.231,118.607,5.133,5.138
2026-05-26 12:05:13.707,427.219,413.293,4.878,4.874
2026-05-26 12:05:13.848,126.082,114.514,5.14,5.143
2026-05-26 12:05:14.063,203.481,186.932,5.056,5.056
2026-05-26 12:05:14.183,109.01,94.989,5.124,5.124
2026-05-26 12:05:14.383,187.422,171.756,5.085,5.083
2026-05-26 12:05:14.551,156.638,141.856,5.101,5.098
2026-05-26 12:05:14.692,128.36,110.804,5.094,5.095
2026-05-26 12:05:14.984,279.14,263.53,4.986,4.988
2026-05-26 12:05:15.306,310.069,297.153,4.848,4.844
2026-05-26 12:05:15.535,214.445,199.181,4.82,4.823
2026-05-26 12:05:15.899,350.551,331.78,4.654,4.657
2026-05-26 12:05:16.235,321.595,301.451,4.582,4.59
2026-05-26 12:05:16.591,344.509,330.139,4.444,4.438
2026-05-26 12:05:16.731,127.41,112.5,4.519,4.52
2026-05-26 12:05:16.884,139.736,121.519,4.615,4.618
2026-05-26 12:05:17.063,163.757,148.803,4.591,4.592
2026-05-26 12:05:17.193,120.467,105.304,4.665,4.664
2026-05-26 12:05:17.386,180.988,164.431,4.653,4.649
2026-05-26 12:05:17.605,207.176,194.211,4.612,4.61
2026-05-26 12:05:17.722,106.41,94.491,4.665,4.662
2026-05-26 12:05:17.924,187.825,174.421,4.62,4.621
2026-05-26 12:05:18.106,161.064,149.289,4.593,4.598
2026-05-26 12:05:18.230,111.521,97.909,4.637,4.636
2026-05-26 12:05:18.391,149.636,133.551,4.734,4.732
2026-05-26 12:05:18.517,114.799,102.132,4.766,4.762
2026-05-26 12:05:18.704,176.443,159.208,4.846,4.845
2026-05-26 12:05:18.840,124.265,112.212,4.915,4.915
2026-05-26 12:05:18.988,131.092,115.413,4.942,4.946
2026-05-26 12:05:19.229,229.526,215.223,4.866,4.863
2026-05-26 12:05:19.367,125.344,111.91,5.124,5.126
2026-05-26 12:05:19.521,138.773,116.99,5.112,5.113
2026-05-26 12:05:19.729,198.882,185.235,5.118,5.117
2026-05-26 12:05:19.849,109.572,96.737,5.118,5.118
2026-05-26 12:05:20.006,145.582,132.048,5.157,5.156
2026-05-26 12:05:20.175,152.791,137.955,5.157,5.16
2026-05-26 12:05:20.547,361.427,337.362,4.953,4.952
2026-05-26 12:05:20.764,202.974,189.132,5.018,5.018
2026-05-26 12:05:20.882,105.534,93.884,5.201,5.201
2026-05-26 12:05:21.254,357.634,343.335,5.07,5.071
2026-05-26 12:05:21.480,215.58,200.927,5.196,5.191
2026-05-26 12:05:21.610,118.024,105.397,5.396,5.387
2026-05-26 12:05:21.935,312.221,296.019,5.426,5.428
2026-05-26 12:05:22.156,206.953,191.647,5.345,5.349
2026-05-26 12:05:22.411,243.888,224.23,5.247,5.243
2026-05-26 12:05:22.777,352.632,335.617,5.075,5.073
2026-05-26 12:05:23.055,265.099,246.803,4.947,4.95
2026-05-26 12:05:23.246,177.534,165.261,4.949,4.951
2026-05-26 12:05:23.518,261.551,247.259,4.904,4.904
2026-05-26 12:05:24.035,505.456,491.957,4.594,4.594
2026-05-26 12:05:24.269,223.173,207.774,4.571,4.568
2026-05-26 12:05:24.477,197.086,184.053,4.552,4.544
2026-05-26 12:05:24.821,332.934,319.462,4.4,4.4
2026-05-26 12:05:25.172,336.026,320.087,4.276,4.28
2026-05-26 12:05:25.707,503.242,484.153,4.033,4.046
2026-05-26 12:05:26.195,472.268,447.178,3.871,3.874
2026-05-26 12:05:26.510,300.13,286.5,3.781,3.783
2026-05-26 12:05:26.776,250.603,237.426,3.724,3.723
2026-05-26 12:05:26.973,184.063,169.314,3.745,3.746
2026-05-26 12:05:27.231,245.864,230.74,3.688,3.688
2026-05-26 12:05:27.469,225.647,210.834,3.649,3.647
2026-05-26 12:05:27.716,235.357,215.88,3.631,3.632
2026-05-26 12:05:27.862,133.254,118.386,3.619,3.621
2026-05-26 12:05:28.071,197.632,181.434,3.596,3.596
2026-05-26 12:05:28.208,122.969,109.953,3.61,3.609
2026-05-26 12:05:28.415,197.382,178.238,3.686,3.685
2026-05-26 12:05:28.578,149.08,134.809,3.711,3.712
2026-05-26 12:05:28.807,215.674,200.435,3.659,3.66
2026-05-26 12:05:28.955,134.242,121.143,3.766,3.766
2026-05-26 12:05:29.104,137.519,119.958,3.804,3.804
2026-05-26 12:05:29.325,205.815,185.112,3.759,3.761
2026-05-26 12:05:29.691,355.337,341.556,3.739,3.738
2026-05-26 12:05:29.850,145.286,130.904,3.769,3.769
2026-05-26 12:05:29.993,127.845,113.308,3.825,3.827
2026-05-26 12:05:30.266,262.065,245.454,3.872,3.871
2026-05-26 12:05:30.409,129.505,116.326,3.943,3.944
2026-05-26 12:05:30.560,136.843,120.552,3.965,3.966
2026-05-26 12:05:30.754,182.13,166.995,4.008,4.009
2026-05-26 12:05:30.882,115.959,102.454,4.235,4.236
2026-05-26 12:05:31.052,158.521,143.018,4.276,4.275
2026-05-26 12:05:31.182,118.945,105.801,4.325,4.325
2026-05-26 12:05:31.387,194.186,179.328,4.417,4.416
2026-05-26 12:05:31.510,111.102,98.679,4.576,4.572
2026-05-26 12:05:31.842,319.589,304.403,4.727,4.711
2026-05-26 12:05:32.072,217.769,202.525,4.934,4.932
2026-05-26 12:05:32.195,111.247,98.41,5.101,5.098
2026-05-26 12:05:32.365,159.574,142.229,5.189,5.184
2026-05-26 12:05:32.580,201.89,188.812,5.172,5.171
2026-05-26 12:05:32.766,171.937,154.626,5.239,5.245
2026-05-26 12:05:32.901,122.892,109.629,5.339,5.338
2026-05-26 12:05:33.111,199.563,182.685,5.375,5.375
2026-05-26 12:05:33.231,106.718,92.981,5.401,5.4
2026-05-26 12:05:33.625,382.308,370.207,5.221,5.221
2026-05-26 12:05:33.776,136.82,121.851,5.208,5.21
2026-05-26 12:05:33.996,209.968,195.18,5.196,5.197
2026-05-26 12:05:34.116,108.497,95.753,5.236,5.233
2026-05-26 12:05:34.299,171.159,153.578,5.281,5.279
2026-05-26 12:05:34.441,127.737,114.361,5.287,5.286
2026-05-26 12:05:34.581,124.562,109.734,5.295,5.299
2026-05-26 12:05:34.772,180.588,161.441,5.324,5.318
2026-05-26 12:05:34.987,203.463,190.955,5.476,5.477
2026-05-26 12:05:35.107,108.247,95.906,5.517,5.513
2026-05-26 12:05:35.273,154.804,138.881,5.492,5.488
2026-05-26 12:05:35.401,116.805,104.681,5.647,5.647
2026-05-26 12:05:35.567,152.361,136.803,5.622,5.623
2026-05-26 12:05:35.711,128.619,115.66,5.631,5.631
2026-05-26 12:05:35.897,176.274,158.96,5.638,5.639
2026-05-26 12:05:36.024,115.661,102.388,5.64,5.638
2026-05-26 12:05:36.184,148.324,133.416,5.651,5.651
2026-05-26 12:05:36.316,116.987,103.785,5.649,5.653
2026-05-26 12:05:36.520,192.127,177.497,5.65,5.651
2026-05-26 12:05:36.656,121.424,109.277,5.636,5.639
2026-05-26 12:05:36.804,130.611,115.749,5.845,5.851
2026-05-26 12:05:36.935,120.676,106.894,5.963,5.962
2026-05-26 12:05:37.334,384.182,364.775,5.644,5.649
2026-05-26 12:05:37.447,101.679,89.12,5.706,5.708
2026-05-26 12:05:37.663,205.113,190.628,5.705,5.703
2026-05-26 12:05:37.802,126.74,113.366,5.758,5.751
2026-05-26 12:05:37.964,144.881,129.801,5.727,5.734
2026-05-26 12:05:38.175,199.406,181.98,5.727,5.727
2026-05-26 12:05:38.287,100.584,88.303,5.736,5.733
2026-05-26 12:05:38.451,152.844,140.004,6.009,6.009
2026-05-26 12:05:38.624,160.399,147.983,5.982,5.978
2026-05-26 12:05:38.748,111.332,96.158,6.103,6.105
2026-05-26 12:05:38.900,141.743,125.331,6.063,6.061
2026-05-26 12:05:39.037,122.632,108.534,6.12,6.126
2026-05-26 12:05:39.222,171.777,156.349,6.065,6.064
2026-05-26 12:05:39.352,113.522,100.73,6.079,6.08
2026-05-26 12:05:39.499,131.417,115.209,6.135,6.143
2026-05-26 12:05:39.714,204.392,191.682,6.135,6.134
2026-05-26 12:05:39.852,125.698,113.08,6.111,6.111
2026-05-26 12:05:40.027,161.101,145.242,6.1,6.105
2026-05-26 12:05:40.195,157.375,143.234,6.049,6.05
2026-05-26 12:05:40.543,335.718,316.986,5.827,5.826
2026-05-26 12:05:41.022,467.592,450.426,5.459,5.455
2026-05-26 12:05:41.329,296.861,279.983,5.339,5.336
2026-05-26 12:05:41.448,107.389,94.353,5.347,5.347
2026-05-26 12:05:41.606,147.814,134.858,5.349,5.347
2026-05-26 12:05:41.785,167.864,153.814,5.302,5.3
2026-05-26 12:05:41.925,126.688,115.309,5.365,5.366
2026-05-26 12:05:42.080,141.201,124.116,5.347,5.347
2026-05-26 12:05:42.216,124.647,109.722,5.358,5.352
2026-05-26 12:05:42.420,191.414,175.379,5.288,5.29
2026-05-26 12:05:42.630,199.827,186.563,5.475,5.471
2026-05-26 12:05:42.838,196.07,183.1,5.38,5.379
2026-05-26 12:05:42.983,132.687,117.686,5.45,5.455
2026-05-26 12:05:43.121,123.542,108.031,5.453,5.453
2026-05-26 12:05:43.379,245.552,223.678,5.356,5.35
2026-05-26 12:05:43.516,124.134,109.756,5.429,5.433
2026-05-26 12:05:43.718,190.44,175.135,5.34,5.34
2026-05-26 12:05:43.870,137.298,123.368,5.351,5.356
2026-05-26 12:05:44.063,179.965,163.097,5.331,5.333
2026-05-26 12:05:44.209,126.623,113.479,5.31,5.317
2026-05-26 12:05:44.604,384.292,367.826,5.083,5.084
2026-05-26 12:05:44.801,183.901,169.674,5.032,5.031
2026-05-26 12:05:44.951,137.16,122.479,5.062,5.063
2026-05-26 12:05:45.156,195.016,180.274,4.996,4.991
2026-05-26 12:05:45.286,117.703,105.295,5.011,5.008
2026-05-26 12:05:45.476,179.331,162.089,5.033,5.033
2026-05-26 12:05:45.607,120.027,107.134,5.039,5.039
2026-05-26 12:05:45.779,159.129,144.087,5.042,5.04
2026-05-26 12:05:45.968,179.214,165.046,5.024,5.022
2026-05-26 12:05:46.101,123.603,109.949,5.218,5.216
2026-05-26 12:05:46.267,154.557,139.138,5.529,5.528
2026-05-26 12:05:46.461,181.3,167.496,5.651,5.654
2026-05-26 12:05:46.584,112.088,99.46,5.646,5.645
2026-05-26 12:05:46.735,139.289,123.183,5.655,5.656
2026-05-26 12:05:46.908,160.277,145.729,5.661,5.662
2026-05-26 12:05:47.037,116.882,101.143,5.674,5.672
2026-05-26 12:05:47.215,163.955,148.009,5.647,5.647
2026-05-26 12:05:47.354,124.825,112.394,5.645,5.647
2026-05-26 12:05:47.586,220.536,205.947,5.613,5.612
2026-05-26 12:05:47.702,103.974,91.717,5.718,5.718
2026-05-26 12:05:47.876,161.134,147.281,5.756,5.757
2026-05-26 12:05:48.188,301.531,289.031,5.572,5.567
2026-05-26 12:05:48.482,283.66,269.909,5.409,5.406
2026-05-26 12:05:48.634,138.077,123.761,5.518,5.522
2026-05-26 12:05:48.809,161.439,144.601,5.479,5.48
2026-05-26 12:05:48.945,124.336,109.955,5.547,5.549
2026-05-26 12:05:49.129,171.148,154.235,5.515,5.511
2026-05-26 12:05:49.279,135.322,121.613,5.56,5.562
2026-05-26 12:05:49.476,186.009,170.179,5.505,5.498
2026-05-26 12:05:49.608,119.995,107.277,5.795,5.796
2026-05-26 12:05:49.767,147.274,131.311,5.839,5.836
2026-05-26 12:05:49.899,120.463,106.858,5.861,5.858
2026-05-26 12:05:50.071,159.719,144.494,5.9,5.903
2026-05-26 12:05:50.220,131.865,117.473,5.877,5.886
2026-05-26 12:05:50.447,217.432,198.2,5.833,5.833
2026-05-26 12:05:50.660,201.297,188.37,5.739,5.739
2026-05-26 12:05:50.798,123.851,110.784,5.777,5.78
2026-05-26 12:05:51.011,201.326,186.922,5.75,5.752
2026-05-26 12:05:51.138,115.062,102.627,5.758,5.759
2026-05-26 12:05:51.288,138.05,121.398,5.776,5.778
2026-05-26 12:05:51.424,122.688,110.311,5.844,5.843
2026-05-26 12:05:51.568,133.55,118.077,5.819,5.821
2026-05-26 12:05:51.958,378.496,361.336,5.552,5.552
2026-05-26 12:05:52.169,198.671,186.309,5.513,5.51
2026-05-26 12:05:52.388,208.365,196.517,5.419,5.418
2026-05-26 12:05:52.511,110.358,97.23,5.476,5.474
2026-05-26 12:05:52.716,194.542,180.847,5.408,5.404
2026-05-26 12:05:52.854,125.438,112.523,5.504,5.506
2026-05-26 12:05:53.007,139.285,119.85,5.466,5.473
2026-05-26 12:05:53.174,153.16,135.566,5.474,5.476
2026-05-26 12:05:53.324,136.625,119.46,5.647,5.651
2026-05-26 12:05:53.469,131.954,113.956,5.815,5.822
2026-05-26 12:05:53.685,198.64,184.194,5.742,5.742
2026-05-26 12:05:53.891,192.083,178.446,5.708,5.705
2026-05-26 12:05:54.047,140.062,122.242,5.685,5.688
2026-05-26 12:05:54.299,240.572,220.199,5.609,5.609
2026-05-26 12:05:54.492,178.869,164.265,5.564,5.563
2026-05-26 12:05:54.626,122.236,109.653,5.632,5.632
2026-05-26 12:05:54.816,179.52,164.127,5.569,5.568
2026-05-26 12:05:55.230,336.836,323.134,5.308,5.374
2026-05-26 12:05:55.606,360.574,310.018,5.081,5.083
2026-05-26 12:05:55.902,284.598,269.74,4.973,4.974
2026-05-26 12:05:56.107,189.916,174.17,4.926,4.923
2026-05-26 12:05:56.232,113.173,98.264,5.014,5.014
2026-05-26 12:05:56.492,248.716,229.013,4.973,4.973
2026-05-26 12:05:56.625,121.092,107.932,4.977,4.975
2026-05-26 12:05:56.835,199.073,182.939,4.98,4.979
2026-05-26 12:05:57.028,180.954,166.75,4.923,4.926
2026-05-26 12:05:57.407,366.201,346.211,4.74,4.74
2026-05-26 12:05:57.632,213.927,199.151,4.671,4.671
2026-05-26 12:05:57.768,123.915,108.381,4.678,4.679
2026-05-26 12:05:57.981,196.816,181.782,4.815,4.819
2026-05-26 12:05:58.314,321.444,306.642,4.719,4.719
2026-05-26 12:05:58.520,193.746,176.085,4.73,4.734
2026-05-26 12:05:58.769,236.608,219.907,4.634,4.634
2026-05-26 12:05:58.946,161.422,145.516,4.655,4.661
2026-05-26 12:05:59.077,118.59,103.532,4.66,4.661
2026-05-26 12:05:59.248,155.136,138.255,4.647,4.645
2026-05-26 12:05:59.424,157.811,144.721,4.64,4.642
2026-05-26 12:05:59.567,132.511,117.792,4.645,4.643
2026-05-26 12:05:59.749,169.175,150.953,4.618,4.617
2026-05-26 12:05:59.869,108.878,95.374,4.689,4.685
2026-05-26 12:06:00.060,179.618,166.029,4.7,4.699
2026-05-26 12:06:00.186,114.621,101.687,4.724,4.72
2026-05-26 12:06:00.334,137.481,122.815,4.805,4.804
2026-05-26 12:06:00.474,124.767,111.245,4.848,4.847
2026-05-26 12:06:00.686,201.132,187.418,4.785,4.785
2026-05-26 12:06:00.815,116.706,103.888,4.834,4.835
2026-05-26 12:06:00.979,152.449,136.053,5.045,4.987
2026-05-26 12:06:01.119,127.038,114.462,5.261,5.259
2026-05-26 12:06:01.296,167.495,149.779,5.376,5.374
2026-05-26 12:06:01.480,165.387,150.719,5.398,5.401
2026-05-26 12:06:01.894,403.117,388.868,5.121,5.121
2026-05-26 12:06:02.015,109.8,96.303,5.251,5.251
2026-05-26 12:06:02.212,185.317,172.252,5.191,5.19
2026-05-26 12:06:02.356,129.767,115.568,5.252,5.257
2026-05-26 12:06:02.563,195.849,182.024,5.239,5.236
2026-05-26 12:06:02.698,120.334,107.4,5.481,5.482
2026-05-26 12:06:02.890,181.221,164.769,5.516,5.515
2026-05-26 12:06:03.076,172.612,157.809,5.464,5.464
2026-05-26 12:06:03.212,123.598,109.934,5.544,5.539
2026-05-26 12:06:03.421,197.423,182.78,5.678,5.678
2026-05-26 12:06:03.541,108.495,95.743,5.775,5.77
2026-05-26 12:06:03.727,171.682,154.289,5.849,5.851
2026-05-26 12:06:03.927,187.73,176.57,5.822,5.816
2026-05-26 12:06:04.056,117.099,103.964,5.824,5.823
2026-05-26 12:06:04.228,159.656,146.021,5.823,5.819
2026-05-26 12:06:04.417,175.606,162.175,5.808,5.803
2026-05-26 12:06:04.549,119.093,106.075,5.821,5.822
2026-05-26 12:06:04.739,178.139,163.456,5.812,5.808
2026-05-26 12:06:04.882,128.008,115.541,5.784,5.79
2026-05-26 12:06:05.093,195.916,178.999,5.763,5.768
2026-05-26 12:06:05.473,367.713,346.519,5.485,5.487
2026-05-26 12:06:05.628,142.444,128.835,5.478,5.48
2026-05-26 12:06:05.848,209.047,194.881,5.396,5.392
2026-05-26 12:06:05.967,107.046,93.589,5.491,5.491
2026-05-26 12:06:06.139,161.263,147.43,5.447,5.445
2026-05-26 12:06:06.358,206.59,192.687,5.391,5.393
2026-05-26 12:06:06.502,127.942,114.362,5.387,5.392
2026-05-26 12:06:06.679,162.116,146.778,5.388,5.393
2026-05-26 12:06:06.821,124.846,109.447,5.43,5.428
2026-05-26 12:06:06.982,148.924,134.424,5.7,5.702
2026-05-26 12:06:07.147,153.962,137.448,5.651,5.65
2026-05-26 12:06:07.270,112.269,98.989,5.733,5.733
2026-05-26 12:06:07.426,143.93,129.841,5.72,5.715
2026-05-26 12:06:07.656,219.628,206.884,5.694,5.694
2026-05-26 12:06:07.858,190.286,177.083,5.62,5.618
2026-05-26 12:06:08.042,171.918,158.671,5.629,5.631
2026-05-26 12:06:08.171,118.722,106.233,5.692,5.686
2026-05-26 12:06:08.347,163.362,148.731,5.647,5.648
2026-05-26 12:06:08.490,130.258,116.368,5.721,5.724
2026-05-26 12:06:08.631,128.053,112.32,5.698,5.699
2026-05-26 12:06:09.057,413.511,398.855,5.441,5.439
2026-05-26 12:06:09.195,124.734,110.642,5.506,5.506
2026-05-26 12:06:09.449,242.875,222.89,5.378,5.379
2026-05-26 12:06:09.632,170.504,157.223,5.367,5.367
2026-05-26 12:06:09.759,115.973,102.366,5.429,5.426
2026-05-26 12:06:09.927,156.983,142.841,5.392,5.391
2026-05-26 12:06:10.123,184.09,170.798,5.386,5.387
2026-05-26 12:06:10.247,111.324,97.592,5.406,5.402
2026-05-26 12:06:10.411,151.962,138.767,5.453,5.449
2026-05-26 12:06:10.612,186.485,170.916,5.643,5.649
2026-05-26 12:06:10.749,123.56,109.935,5.664,5.663
2026-05-26 12:06:10.977,216.42,201.436,5.654,5.656
2026-05-26 12:06:11.104,111.618,98.111,5.646,5.65
2026-05-26 12:06:11.253,137.635,122.87,5.671,5.673
2026-05-26 12:06:11.400,133.834,120.42,5.751,5.753
2026-05-26 12:06:11.549,133.085,118.723,5.746,5.745
2026-05-26 12:06:11.683,121.346,106.029,5.795,5.792
2026-05-26 12:06:11.862,165.988,149.288,5.753,5.748
2026-05-26 12:06:12.025,147.601,132.949,5.751,5.757
2026-05-26 12:06:12.451,417.065,395.754,5.467,5.465
2026-05-26 12:06:12.622,157.464,140.889,5.419,5.423
2026-05-26 12:06:12.790,155.324,138.188,5.406,5.407
2026-05-26 12:06:12.940,137.014,120.278,5.489,5.491
2026-05-26 12:06:13.086,135.513,119.496,5.547,5.547
2026-05-26 12:06:13.269,168.045,150.619,5.547,5.552
2026-05-26 12:06:13.419,136.162,122.438,5.526,5.529
2026-05-26 12:06:13.652,222.13,206.723,5.467,5.464
2026-05-26 12:06:13.799,134.027,120.764,5.463,5.462
2026-05-26 12:06:14.008,198.062,181.642,5.393,5.391
2026-05-26 12:06:14.155,132.269,117.338,5.688,5.694
2026-05-26 12:06:14.311,141.042,125.753,5.668,5.671
2026-05-26 12:06:14.487,157.84,142.831,5.756,5.763
2026-05-26 12:06:14.618,120.669,107.761,5.816,5.814
2026-05-26 12:06:14.809,179.93,165.119,5.742,5.742
2026-05-26 12:06:14.944,123.815,111.556,5.78,5.78
2026-05-26 12:06:15.145,189.808,174.789,5.775,5.773
2026-05-26 12:06:15.291,131.553,118.419,5.75,5.753
2026-05-26 12:06:15.714,412.978,398.26,5.468,5.468
2026-05-26 12:06:15.869,141.891,127.597,5.516,5.513
2026-05-26 12:06:16.102,221.823,206.02,5.417,5.415
2026-05-26 12:06:16.237,122.139,109.386,5.514,5.514
2026-05-26 12:06:16.440,190.521,174.218,5.435,5.432
2026-05-26 12:06:16.559,105.467,91.495,5.466,5.469
2026-05-26 12:06:16.733,164.105,149.807,5.438,5.434
2026-05-26 12:06:16.891,145.871,132.082,5.428,5.424
2026-05-26 12:06:17.070,160.307,138.894,5.383,5.392
2026-05-26 12:06:17.199,119.063,104.933,5.433,5.431
2026-05-26 12:06:17.365,154.381,137.44,5.431,5.425
2026-05-26 12:06:17.513,131.158,117.217,5.73,5.739
2026-05-26 12:06:17.709,184.652,165.504,5.7,5.696
2026-05-26 12:06:17.844,121.101,108.773,5.738,5.739
2026-05-26 12:06:18.067,211.621,196.689,5.656,5.655
2026-05-26 12:06:18.182,103.398,89.118,5.691,5.691
2026-05-26 12:06:18.383,190.153,174.283,5.672,5.666
2026-05-26 12:06:18.533,135.434,121.108,5.67,5.673
2026-05-26 12:06:18.980,434.242,417.041,5.443,5.447
2026-05-26 12:06:19.118,124.674,111.944,5.452,5.452
2026-05-26 12:06:19.312,178.809,161.75,5.468,5.473
2026-05-26 12:06:19.469,144.611,129.548,5.457,5.455
2026-05-26 12:06:19.696,215.702,200.177,5.386,5.381
2026-05-26 12:06:19.817,109.108,96.089,5.441,5.434
2026-05-26 12:06:19.991,163.207,147.707,5.398,5.397
2026-05-26 12:06:20.114,111.651,98.501,5.466,5.468
2026-05-26 12:06:20.342,217.058,201.121,5.372,5.372
2026-05-26 12:06:20.496,138.356,124.424,5.42,5.424
2026-05-26 12:06:20.691,183.481,169.941,5.369,5.368
2026-05-26 12:06:20.818,115.703,102.725,5.682,5.682
2026-05-26 12:06:20.965,135.16,119.347,5.691,5.687
2026-05-26 12:06:21.082,105.282,91.594,5.824,5.826
2026-05-26 12:06:21.246,150.872,137.244,5.79,5.79
2026-05-26 12:06:21.431,169.241,153.444,5.81,5.816
2026-05-26 12:06:21.784,335.033,315.655,5.55,5.555
2026-05-26 12:06:22.029,231.986,215.498,5.476,5.48
2026-05-26 12:06:22.225,182.159,168.381,5.437,5.438
2026-05-26 12:06:22.757,507.048,490.405,5.1,5.102
2026-05-26 12:06:23.002,221.802,206.333,4.998,5.009
2026-05-26 12:06:23.165,137.708,121.868,5.0,5.013
2026-05-26 12:06:23.416,230.92,213.201,4.912,4.914
2026-05-26 12:06:23.617,179.212,163.881,4.909,4.916
2026-05-26 12:06:23.811,171.59,153.374,4.86,4.869
2026-05-26 12:06:23.945,112.421,96.193,4.934,4.943
2026-05-26 12:06:24.129,171.835,155.58,4.876,4.876
2026-05-26 12:06:24.254,113.2,99.477,4.94,4.938
2026-05-26 12:06:24.449,184.732,168.097,4.902,4.898
2026-05-26 12:06:24.629,168.999,154.784,5.134,5.131
2026-05-26 12:06:24.834,183.24,168.879,5.074,5.081
2026-05-26 12:06:25.047,191.603,174.962,5.057,5.062
2026-05-26 12:06:25.224,153.808,139.522,5.039,5.047
2026-05-26 12:06:25.457,210.306,195.094,5.034,5.044
2026-05-26 12:06:25.634,163.857,147.079,4.985,4.988
2026-05-26 12:06:25.753,106.43,93.02,5.033,5.034
2026-05-26 12:06:25.913,148.742,135.203,5.001,5.001
2026-05-26 12:06:26.568,632.494,617.683,4.658,4.668
2026-05-26 12:06:26.797,219.542,203.023,4.602,4.598
2026-05-26 12:06:27.006,187.404,173.597,4.592,4.599
2026-05-26 12:06:27.141,120.519,106.887,4.587,4.588
2026-05-26 12:06:27.317,164.739,150.399,4.565,4.566
2026-05-26 12:06:27.455,124.187,110.995,4.55,4.551
2026-05-26 12:06:27.669,202.878,187.803,4.515,4.514
2026-05-26 12:06:27.863,184.512,170.537,4.508,4.504
2026-05-26 12:06:27.987,112.588,99.952,4.675,4.668
2026-05-26 12:06:28.183,184.649,170.126,4.712,4.71
2026-05-26 12:06:28.316,118.548,105.537,4.761,4.762
2026-05-26 12:06:28.505,177.652,163.286,5.044,5.033
2026-05-26 12:06:28.939,419.979,405.755,4.885,4.877
2026-05-26 12:06:29.295,342.405,327.103,4.731,4.722
2026-05-26 12:06:29.652,343.609,329.659,4.651,4.647
2026-05-26 12:06:29.983,315.491,296.862,4.555,4.551
2026-05-26 12:06:30.239,246.938,228.411,4.511,4.501
2026-05-26 12:06:30.375,123.537,108.891,4.51,4.503
2026-05-26 12:06:30.539,154.429,140.479,4.524,4.523
2026-05-26 12:06:30.676,123.726,111.299,4.515,4.517
2026-05-26 12:06:30.893,205.814,189.144,4.501,4.5
2026-05-26 12:06:31.022,116.725,104.475,4.536,4.536
2026-05-26 12:06:31.181,147.765,131.832,4.569,4.562
2026-05-26 12:06:31.368,174.818,159.658,4.588,4.581
2026-05-26 12:06:31.506,125.058,110.112,4.616,4.608
2026-05-26 12:06:31.704,186.771,170.701,4.642,4.633
2026-05-26 12:06:31.832,116.239,103.366,4.679,4.676
2026-05-26 12:06:32.028,184.861,170.593,4.621,4.62
2026-05-26 12:06:32.212,171.706,159.5,4.604,4.604
2026-05-26 12:06:32.383,154.519,139.036,4.988,4.982
2026-05-26 12:06:32.592,196.769,182.022,5.004,5.008
2026-05-26 12:06:32.719,116.528,104.323,5.076,5.066
2026-05-26 12:06:32.935,205.302,191.087,5.005,5.003
2026-05-26 12:06:33.173,220.374,206.162,4.952,4.958
2026-05-26 12:06:33.562,376.958,362.878,4.748,4.747
2026-05-26 12:06:33.902,329.011,311.921,4.653,4.652
2026-05-26 12:06:34.030,118.474,105.433,4.703,4.702
2026-05-26 12:06:34.199,158.32,144.204,4.669,4.669
2026-05-26 12:06:34.334,121.115,107.24,4.715,4.717
2026-05-26 12:06:34.531,185.913,170.033,4.666,4.663
2026-05-26 12:06:34.674,130.145,116.397,4.701,4.703
2026-05-26 12:06:34.977,292.57,274.125,4.803,4.8
2026-05-26 12:06:35.209,220.684,205.118,4.904,4.901
2026-05-26 12:06:35.453,229.931,213.529,4.999,5.002
2026-05-26 12:06:35.691,226.581,207.18,5.08,5.076
2026-05-26 12:06:35.802,99.942,86.995,5.213,5.216
2026-05-26 12:06:36.012,199.758,185.464,5.144,5.142
2026-05-26 12:06:36.218,191.004,176.167,5.107,5.112
2026-05-26 12:06:36.464,233.652,215.721,5.011,5.01
2026-05-26 12:06:36.826,351.052,335.369,4.888,4.889
2026-05-26 12:06:36.986,138.965,123.027,4.863,4.872
2026-05-26 12:06:37.121,125.02,110.292,4.882,4.881
2026-05-26 12:06:37.535,403.261,382.331,4.702,4.703
2026-05-26 12:06:37.673,125.53,108.753,4.702,4.701
2026-05-26 12:06:37.875,189.233,175.201,4.7,4.701
2026-05-26 12:06:38.008,121.095,108.7,4.696,4.696
2026-05-26 12:06:38.186,167.365,152.934,4.71,4.71
2026-05-26 12:06:38.320,121.629,107.301,4.748,4.749
2026-05-26 12:06:38.490,158.328,143.325,4.748,4.744
2026-05-26 12:06:38.637,131.76,116.387,4.797,4.8
2026-05-26 12:06:38.841,192.39,172.563,4.737,4.738
2026-05-26 12:06:38.974,121.375,109.32,4.802,4.802
2026-05-26 12:06:39.156,171.21,154.767,4.847,4.841
2026-05-26 12:06:39.296,127.566,115.336,5.058,5.058
2026-05-26 12:06:39.498,192.418,176.472,5.182,5.183
2026-05-26 12:06:39.623,114.53,100.728,5.185,5.185
2026-05-26 12:06:39.800,166.687,151.291,5.177,5.177
2026-05-26 12:06:39.969,155.383,140.03,5.146,5.147
2026-05-26 12:06:40.103,121.543,105.329,5.205,5.206
2026-05-26 12:06:40.294,181.726,166.253,5.16,5.156
2026-05-26 12:06:40.666,355.466,340.909,5.098,5.104
2026-05-26 12:06:40.950,266.689,253.809,5.051,5.058
2026-05-26 12:06:41.276,311.732,292.363,4.98,4.975
2026-05-26 12:06:41.410,121.828,109.264,5.071,5.072
2026-05-26 12:06:41.557,132.17,115.513,5.039,5.044
2026-05-26 12:06:41.732,163.248,147.55,5.07,5.073
2026-05-26 12:06:41.878,131.527,113.944,5.124,5.124
2026-05-26 12:06:42.035,144.984,127.493,5.205,5.207
2026-05-26 12:06:42.226,178.216,161.699,5.371,5.371
2026-05-26 12:06:42.364,124.404,111.734,5.392,5.383
2026-05-26 12:06:42.580,205.159,190.258,5.312,5.313
2026-05-26 12:06:42.908,316.147,303.335,5.398,5.396
2026-05-26 12:06:43.278,354.733,338.836,5.174,5.181
2026-05-26 12:06:43.655,362.792,342.175,5.017,5.02
2026-05-26 12:06:44.001,334.348,312.292,4.839,4.839
2026-05-26 12:06:44.332,317.512,298.64,4.718,4.721
2026-05-26 12:06:44.628,284.624,265.68,4.597,4.596
2026-05-26 12:06:44.937,259.309,245.88,4.498,4.525
2026-05-26 12:06:45.275,327.869,308.528,4.369,4.364
2026-05-26 12:06:45.488,203.352,191.03,4.363,4.362
2026-05-26 12:06:45.649,142.596,128.302,4.345,4.351
2026-05-26 12:06:45.924,262.906,246.255,4.285,4.286
2026-05-26 12:06:46.046,110.6,98.087,4.296,4.296
2026-05-26 12:06:46.212,152.678,138.87,4.319,4.321
2026-05-26 12:06:46.327,103.256,92.135,4.326,4.327
